{
    "galex_FUV": [
        2.6602913280691147e+19,
        0.0,
        0.0
    ],
    "galex_FUV.0": [
        2.5906203985479606e+19,
        0.0,
        0.0
    ],
    "galex_NUV": [
        4.711783427378796e+19,
        0.0,
        0.0
    ],
    "galex_NUV.0": [
        5.229855760887506e+19,
        0.0,
        0.0
    ],
    "sdss_u0": [
        2.2993792720372217e+20,
        0.0,
        0.0
    ],
    "sdss_u0.0": [
        2.305567222331736e+20,
        0.0,
        0.0
    ],
    "sdss_g0": [
        8.547462464829283e+20,
        0.0,
        0.0
    ],
    "sdss_g0.0": [
        8.889598182263428e+20,
        0.0,
        0.0
    ],
    "sdss_r0": [
        1.615554373536969e+21,
        0.0,
        0.0
    ],
    "sdss_r0.0": [
        1.6036405738754576e+21,
        0.0,
        0.0
    ],
    "sdss_i0": [
        2.2536564379941955e+21,
        0.0,
        0.0
    ],
    "sdss_i0.0": [
        2.249270182967367e+21,
        0.0,
        0.0
    ],
    "sdss_z0": [
        2.802002178454154e+21,
        0.0,
        0.0
    ],
    "sdss_z0.0": [
        2.870600738005419e+21,
        0.0,
        0.0
    ],
    "wise_w1": [
        1.9416676487086077e+21,
        0.0,
        0.0
    ],
    "wise_w1.0": [
        2.2782607352995158e+21,
        0.0,
        0.0
    ],
    "wise_w2": [
        1.0938547651422367e+21,
        0.0,
        0.0
    ],
    "wise_w2.0": [
        1.2772490358721023e+21,
        0.0,
        0.0
    ],
    "wise_w3": [
        5.145703558813114e+21,
        0.0,
        0.0
    ],
    "wise_w3.0": [
        6.696996354655072e+21,
        0.0,
        0.0
    ],
    "u_r": [
        2.1185054752651866,
        0.0,
        0.0
    ],
    "u_r.0": [
        2.1075422308652447,
        0.0,
        0.0
    ]
}