{
    "galex_NUV": [
        1792.5733889523683,
        160.29798641738967,
        65.58014270719764
    ],
    "sdss_u0": [
        19025.677941763923,
        680.9856511706348,
        683.389735634817
    ],
    "sdss_g0": [
        75376.1668740228,
        3257.249327712023,
        1510.8793088686798
    ],
    "sdss_r0": [
        142914.94827247117,
        4827.093368921778,
        2363.8013105464925
    ],
    "sdss_i0": [
        187091.48926989792,
        4132.409445117111,
        4015.0723709150916
    ],
    "sdss_z0": [
        227041.62778441704,
        5299.356787846336,
        6705.010828418774
    ],
    "wise_w1": [
        122658.78473178175,
        5013.577010445646,
        4037.923836639122
    ],
    "wise_w2": [
        69533.57070992833,
        2661.1184803130454,
        2061.3589252682577
    ],
    "wise_w3": [
        79211.83508472698,
        21551.27795371659,
        34511.70913450173
    ],
    "galex_FUV": [
        0.020725435348411824,
        0.004467538881059028,
        0.0012862375293741929
    ],
    "uvot_b": [
        22.570214250671643,
        0.9974234587113706,
        0.4332957189276634
    ],
    "uvot_u": [
        7.502395662707104,
        0.30040238984156,
        0.25340004579164344
    ],
    "uvot_m2": [
        0.7236243105802928,
        0.05611358383324583,
        0.02662194278817387
    ],
    "uvot_w1": [
        1.8640906480488435,
        0.07873883052495567,
        0.04601990737639894
    ],
    "uvot_w2": [
        0.5656810946538358,
        0.04265222115387457,
        0.017767681470229113
    ],
    "uvot_v": [
        37.45280046576364,
        1.4769673727113641,
        0.547008911307806
    ]
}