{
    "galex_FUV": [
        51180.70139446281,
        4449.456294971293,
        2528.671030050231
    ],
    "galex_NUV": [
        88629.62627462755,
        3311.509790363838,
        3553.6634545572597
    ],
    "sdss_u0": [
        350504.3197925518,
        13038.339729149535,
        30915.59815378819
    ],
    "sdss_g0": [
        1432988.389138536,
        47677.003497120924,
        77214.23464327562
    ],
    "sdss_r0": [
        2974908.313773586,
        75654.2436308139,
        87740.77617349196
    ],
    "sdss_i0": [
        4211200.444833231,
        117266.35295863543,
        169045.81455030292
    ],
    "sdss_z0": [
        5488109.015906085,
        205146.9996398175,
        258797.53327813
    ],
    "wise_w1": [
        4507006.968499999,
        887472.1263671825,
        338541.0970128882
    ],
    "wise_w2": [
        2578761.6327114133,
        504798.8918630271,
        207001.8995662462
    ],
    "wise_w3": [
        10776962.672889981,
        8570586.744727511,
        1844685.607965909
    ],
    "uvot_b": [
        431.756209053654,
        13.423068989376304,
        21.98081656622037
    ],
    "uvot_u": [
        133.25701717903226,
        5.10482562127325,
        11.302366095479343
    ],
    "uvot_m2": [
        27.95596338441153,
        1.1292384808388753,
        1.0753757364323704
    ],
    "uvot_w1": [
        45.639409953533395,
        1.7968246636275254,
        1.4971020252938985
    ],
    "uvot_w2": [
        25.75608873552894,
        0.932271617478186,
        0.9649424082460918
    ],
    "uvot_v": [
        773.4808602857771,
        20.14991860847897,
        21.851666838048345
    ]
}