{
    "galex_FUV": [
        2362.5905464423236,
        1652.4731419038508,
        1362.2933540562526
    ],
    "galex_NUV": [
        5127.73228123639,
        2156.0707492092624,
        1848.725504122931
    ],
    "sdss_u0": [
        20517.477259065134,
        1318.6718916620848,
        1003.1842350779625
    ],
    "sdss_g0": [
        88123.14939167444,
        4745.011744270334,
        2850.6348780205008
    ],
    "sdss_r0": [
        182805.1628101201,
        3498.5067392802157,
        4963.7136280761915
    ],
    "sdss_i0": [
        256744.2906160726,
        6378.308051570726,
        5850.453516153182
    ],
    "sdss_z0": [
        340117.0655397742,
        12642.024796375656,
        10699.84543053183
    ],
    "wise_w1": [
        316592.4276338138,
        42655.30217089725,
        38170.90998641524
    ],
    "wise_w2": [
        182163.2234890852,
        23208.406506910484,
        22989.82200853963
    ],
    "wise_w3": [
        867802.426848467,
        369112.8233936643,
        316871.11952853575
    ],
    "uvot_b": [
        26.713489768314535,
        1.4658433175963488,
        0.959836050313605
    ],
    "uvot_u": [
        7.828816125295193,
        0.24178598375003268,
        0.3246205850042916
    ],
    "uvot_m2": [
        1.6307352560000445,
        0.6059275831205702,
        0.5212575807492301
    ],
    "uvot_w1": [
        2.732429427834634,
        0.4595574961329514,
        0.42233905903160185
    ],
    "uvot_w2": [
        1.4807251262179109,
        0.5795168811707883,
        0.4957621863787304
    ],
    "uvot_v": [
        47.51347176824566,
        1.1187523939596602,
        1.468083203482344
    ]
}