{
    "ps_g": [
        28976.53551335698,
        2197.126558172109,
        897.4599404331202
    ],
    "ps_r": [
        52583.629180514676,
        1133.7743264542587,
        854.1613733363047
    ],
    "ps_i": [
        70942.45633957995,
        1358.2063458518824,
        1879.3487075889134
    ],
    "ps_z": [
        85728.34238135662,
        2118.8776529910538,
        2368.3252491982566
    ],
    "ps_y": [
        93231.01915169612,
        3006.7978631633305,
        2795.3809544683754
    ],
    "wise_w1": [
        56454.23021005718,
        5537.8127269833785,
        2955.2067236251605
    ],
    "wise_w2": [
        32080.143785371645,
        3300.2285076915323,
        1682.0257612856585
    ],
    "wise_w3": [
        56324.59938036736,
        37188.71451691131,
        30359.90133075974
    ],
    "galex_FUV": [
        0.0077666262095003455,
        0.21904163236494398,
        0.0026023599107605757
    ],
    "galex_NUV": [
        0.2881700829480678,
        0.15184789739245902,
        0.06622756204304228
    ],
    "sdss_g0": [
        9.68800218667916,
        0.5821447400806736,
        0.28624169938837873
    ],
    "sdss_i0": [
        22.161569503679832,
        0.4006679691481203,
        0.6045607242986542
    ],
    "sdss_r0": [
        16.937736761337707,
        0.29181655162335574,
        0.3732724040398665
    ],
    "sdss_u0": [
        2.7374246184632525,
        0.2002981012698255,
        0.11696247633973256
    ],
    "sdss_z0": [
        25.999635758578947,
        0.8768814451301168,
        0.7766740970363273
    ],
    "uvot_b": [
        7.8315178453824625,
        0.6385805396360666,
        0.2456420997251696
    ],
    "uvot_u": [
        2.435861080944086,
        0.17854570815026527,
        0.10500162950031866
    ],
    "uvot_m2": [
        0.25008520720005184,
        0.15946528365144313,
        0.06110358256778217
    ],
    "uvot_w1": [
        0.6292773181637671,
        0.11873197824901938,
        0.09096985574457439
    ],
    "uvot_w2": [
        0.19923996950910813,
        0.17821314459021145,
        0.04483532641674004
    ],
    "uvot_v": [
        13.671642257397503,
        0.3419426192569812,
        0.2262222284264528
    ]
}