{
    "ps_g": [
        23522.750173105185,
        1019.5633550770217,
        789.7341327259855
    ],
    "ps_r": [
        40192.61051002857,
        1039.15905753876,
        1938.8565637695428
    ],
    "ps_z": [
        73996.62475219517,
        2803.2094877835916,
        3504.334127870985
    ],
    "galex_NUV": [
        3988.827131290479,
        211.46241846399153,
        450.40093794745053
    ],
    "galex_FUV": [
        2662.0313835406405,
        120.86491733634239,
        386.33898900300255
    ],
    "wise_w1": [
        105548.23494587085,
        9467.418609479239,
        4997.237526984885
    ],
    "wise_w2": [
        63544.81520982469,
        12827.624386745076,
        4001.629556431384
    ],
    "wise_w3": [
        494217.66215933615,
        94813.68631995411,
        106116.61111886875
    ],
    "sdss_g0": [
        7.663438305724046,
        0.29118535437265436,
        0.2600686190158399
    ],
    "sdss_i0": [
        18.33513231746209,
        0.4299914672903782,
        0.8246731132616034
    ],
    "sdss_r0": [
        12.997025409842468,
        0.33087288456219355,
        0.6312538438077784
    ],
    "sdss_u0": [
        2.52036059721177,
        0.16196487161667328,
        0.09889767527370275
    ],
    "sdss_z0": [
        24.89625598095509,
        1.552099711696016,
        1.2710230966972844
    ],
    "uvot_b": [
        6.418643368397622,
        0.3061820640537185,
        0.19655245292179924
    ],
    "uvot_u": [
        2.348022785201896,
        0.15696148021118272,
        0.09134237303598791
    ],
    "uvot_m2": [
        1.1667912865074754,
        0.07313660849467363,
        0.11417014678733217
    ],
    "uvot_w1": [
        1.372298933537293,
        0.10088635102645482,
        0.08786267263720293
    ],
    "uvot_w2": [
        1.1008334705306826,
        0.058214329279583144,
        0.12629030293345256
    ],
    "uvot_v": [
        10.457828453937955,
        0.2598160510667622,
        0.49652179107295424
    ]
}