{
    "galex_FUV": [
        4.02963803736455,
        5.115644432030744,
        0.6232839522017644
    ],
    "galex_NUV": [
        198.214672952264,
        16.100443210858487,
        67.49794598807429
    ],
    "sdss_u0": [
        5673.447709454943,
        156.04557619166462,
        670.4956261629404
    ],
    "sdss_g0": [
        32823.33684763807,
        832.8773057086364,
        2608.557285510713
    ],
    "sdss_r0": [
        84081.5824481755,
        2591.661387526241,
        756.1753461826738
    ],
    "sdss_i0": [
        130613.36926067199,
        2295.9868012538063,
        2763.6165283855808
    ],
    "sdss_z0": [
        201061.82493009648,
        5806.603049471421,
        4840.1168053183355
    ],
    "wise_w1": [
        279964.72186891513,
        12777.570993330795,
        35497.5181093977
    ],
    "wise_w2": [
        178812.00757076353,
        16606.808073522116,
        22131.242642896337
    ],
    "wise_w3": [
        414094.08851303865,
        18777.592581204837,
        119923.79100200417
    ],
    "uvot_b": [
        10.064452448350426,
        0.253055462810595,
        0.7414607224402392
    ],
    "uvot_u": [
        2.3160595930618113,
        0.05802620462458297,
        0.2529990895742871
    ],
    "uvot_m2": [
        0.09182149122208302,
        0.005700739521664083,
        0.028405700000919534
    ],
    "uvot_w1": [
        0.44292454544243615,
        0.0184235823182764,
        0.06324190423039994
    ],
    "uvot_w2": [
        0.10249345323699695,
        0.003996733237681668,
        0.018965354413484764
    ],
    "uvot_v": [
        21.46933575214948,
        0.6686896412052512,
        0.29855347236598107
    ]
}