{
    "galex_FUV": [
        29.02599374849048,
        9.166249770972964,
        5.355418487743826
    ],
    "galex_NUV": [
        942.3097420620364,
        111.22217722393486,
        122.71872746924635
    ],
    "sdss_u0": [
        10720.310167756552,
        246.29608217138048,
        628.1737499650317
    ],
    "sdss_g0": [
        43014.382796605394,
        400.107674614148,
        1458.003513423566
    ],
    "sdss_r0": [
        83088.42267366548,
        2053.8897816705576,
        865.703809365019
    ],
    "sdss_i0": [
        108862.4305319077,
        2661.348019373356,
        1435.6140912787232
    ],
    "sdss_z0": [
        132599.7667770495,
        5899.738592633774,
        2974.4452640275267
    ],
    "wise_w1": [
        74618.3733690659,
        12770.948015306829,
        4459.036449287654
    ],
    "wise_w2": [
        42243.13021660842,
        7782.320624479515,
        2523.602500103909
    ],
    "wise_w3": [
        29074.69616341585,
        21108.844503495115,
        10908.96674287886
    ],
    "uvot_b": [
        12.90902526742101,
        0.1163592772257882,
        0.36090969817934315
    ],
    "uvot_u": [
        4.18421179007794,
        0.14922836835642617,
        0.33608946348792657
    ],
    "uvot_m2": [
        0.38444922462831677,
        0.032705701233852524,
        0.04828240705335235
    ],
    "uvot_w1": [
        1.0331907035478833,
        0.03235229038131049,
        0.10713578838927673
    ],
    "uvot_w2": [
        0.3038013031846004,
        0.027094968281021925,
        0.030698125521752995
    ],
    "uvot_v": [
        21.806178678668715,
        0.5228669772774133,
        0.21837691535665016
    ]
}