{
    "uvot_u": [
        908344.4602342325,
        92055.37596562551,
        50199.96034315834
    ],
    "uvot_b": [
        2974070.326120667,
        100339.5129803638,
        123032.99287865823
    ],
    "uvot_v": [
        5989949.621903651,
        160668.80117843207,
        399148.64625036065
    ],
    "ps_g": [
        4435165.934921956,
        105322.35712211207,
        246213.03833752405
    ],
    "ps_r": [
        7537551.66294176,
        188287.36505371612,
        487671.9688285943
    ],
    "ps_i": [
        9835029.758215824,
        205190.2621629741,
        356269.2848527096
    ],
    "ps_z": [
        11700131.514425203,
        288995.00741894357,
        457036.244902635
    ],
    "wise_w1": [
        6772019.003612215,
        1450474.012388736,
        330806.13103323523
    ],
    "wise_w2": [
        3837673.8432418485,
        850923.4621206201,
        188835.3071502298
    ],
    "wise_w3": [
        6333399.004530857,
        14892522.82058964,
        2661994.1800180045
    ],
    "galex_FUV": [
        1.6797763571025282,
        83.0775300114691,
        0.20761496000078972
    ],
    "galex_NUV": [
        52.69903145751825,
        74.00438963893552,
        3.3281495520148496
    ],
    "sdss_g0": [
        1454.5038041891478,
        30.977449640650775,
        89.79289370836977
    ],
    "sdss_i0": [
        3039.471474960415,
        49.499284401880686,
        108.51607300363867
    ],
    "sdss_r0": [
        2378.15607271964,
        55.918214895298206,
        121.84687768681579
    ],
    "sdss_u0": [
        437.4746016851634,
        19.134355284659193,
        16.23962773943225
    ],
    "sdss_z0": [
        3477.9500020088917,
        184.42582945394543,
        107.53016958920716
    ],
    "uvot_m2": [
        46.30381379622285,
        75.65311701023901,
        3.151060918642564
    ],
    "uvot_w1": [
        106.6662007439126,
        63.11847313216428,
        3.9173696238040776
    ],
    "uvot_w2": [
        36.22387580208088,
        78.41103280969645,
        2.26444336009655
    ]
}