{
    "maggies": [
        0.0,
        0.0,
        2.3821118135186495e-08,
        7.565766909605985e-08,
        1.6717916433374411e-07,
        1.0387558916073811e-07,
        1.8981899327226497e-07,
        2.4568233926248384e-07,
        2.839544262908446e-07,
        1.7782794100389227e-07,
        1.0394413751488007e-07,
        0.0
    ],
    "maggies_unc": [
        4.4629994013447185e-10,
        3.7589907882917615e-10,
        1.097003030330611e-09,
        3.4841644206252744e-09,
        7.698885033081621e-09,
        4.783647662549789e-09,
        8.741487685517088e-09,
        1.1314089839954021e-08,
        1.3076584581339507e-08,
        8.18927932146774e-09,
        4.786804430917721e-09,
        7.307519860030816e-08
    ],
    "mags": [
        21.628507917696485,
        21.81489683555576,
        19.057594642760243,
        17.8028676070634,
        16.942044624938955,
        17.45871624993217,
        16.804150835664288,
        16.524065153534416,
        16.366878392828074,
        16.875,
        17.458,
        17.088
    ],
    "mags_unc": [
        0.05,
        0.05,
        0.05,
        0.05,
        0.05,
        0.05,
        0.05,
        0.05,
        0.05,
        0.05,
        0.05,
        0.05
    ],
    "filternames": [
        "galex_FUV",
        "galex_NUV",
        "uvot_u",
        "uvot_b",
        "uvot_v",
        "ps_g",
        "ps_r",
        "ps_i",
        "ps_z",
        "wise_w1",
        "wise_w2",
        "wise_w3"
    ],
    "photmask": [
        true,
        true,
        true,
        true,
        true,
        true,
        true,
        true,
        true,
        false,
        false,
        false
    ]
}