{
    "maggies": [
        7.320011741544827e-10,
        2.257490265164542e-10,
        1.335776303024358e-08,
        4.499558674126497e-08,
        6.685774823371636e-08,
        8.827401923277437e-08,
        9.745407417663072e-08,
        7.530087105475883e-08,
        8.456682000993546e-08
    ],
    "maggies_unc": [
        4.560069359768081e-10,
        2.8071230388777505e-10,
        6.151477205837168e-10,
        2.072123345619145e-09,
        3.0789130886820858e-09,
        4.06516881568112e-09,
        4.487925969012917e-09,
        3.4677332636030904e-09,
        3.2791235171267095e-08
    ],
    "mags": [
        22.838720555795263,
        24.115935284479036,
        19.685665663214753,
        18.367075201556496,
        17.937120636294747,
        17.635417747401693,
        17.528,
        17.808,
        17.682
    ],
    "mags_unc": [
        0.6763694615418139,
        1.3500811771155483,
        0.05,
        0.05,
        0.05,
        0.05,
        0.05,
        0.05,
        0.421
    ],
    "filternames": [
        "galex_FUV",
        "galex_NUV",
        "sdss_g0",
        "sdss_r0",
        "sdss_i0",
        "sdss_z0",
        "wise_w1",
        "wise_w2",
        "wise_w3"
    ],
    "photmask": [
        true,
        true,
        true,
        true,
        true,
        true,
        false,
        false,
        false
    ]
}