{
    "maggies": [
        9.204999177369166e-10,
        1.6013266514117124e-09,
        3.095704037644609e-08,
        1.2320618180563926e-07,
        2.2101155291657063e-07,
        2.8343075871337945e-07,
        3.442112524116668e-07,
        2.435760381186772e-08,
        7.489698596424188e-08,
        1.5703475242774113e-07,
        2.3152799957554918e-07,
        1.3682429992529486e-07,
        1.0423034263532591e-07
    ],
    "maggies_unc": [
        5.780764712529336e-10,
        6.742948174239415e-10,
        2.0999855050434808e-09,
        5.673854351807584e-09,
        1.0177958142503205e-08,
        1.3052468798188396e-08,
        1.5851513972878295e-08,
        1.3909192948688868e-09,
        4.138960401394744e-09,
        9.256598528566458e-09,
        1.0662258408667827e-08,
        6.300991867346606e-09,
        3.6152076563044984e-08
    ],
    "mags": [
        22.589940614929805,
        21.988800170458678,
        18.773101415969176,
        17.27341875281689,
        16.638962559715072,
        16.368882551641452,
        16.157937341264482,
        19.033413594538484,
        17.813839147521556,
        17.01001056455924,
        16.588491201400757,
        17.159591913223267,
        17.45501458644867
    ],
    "mags_unc": [
        0.6818453123833024,
        0.4571873548176626,
        0.07365143,
        0.05,
        0.05,
        0.05,
        0.05,
        0.062,
        0.06,
        0.064,
        0.05,
        0.05,
        0.3765853340712569
    ],
    "filternames": [
        "galex_FUV",
        "galex_NUV",
        "sdss_u0",
        "sdss_g0",
        "sdss_r0",
        "sdss_i0",
        "sdss_z0",
        "uvot_u",
        "uvot_b",
        "uvot_v",
        "wise_w1",
        "wise_w2",
        "wise_w3"
    ],
    "photmask": [
        true,
        true,
        true,
        true,
        true,
        true,
        true,
        true,
        true,
        true,
        false,
        false,
        false
    ]
}