{
    "maggies": [
        1.9454630399321223e-09,
        1.618843856178245e-08,
        1.0789700808633443e-07,
        4.065532997003947e-07,
        6.486636574780429e-07,
        8.132298475966981e-07,
        9.309223641749612e-07,
        3.099402454342817e-07,
        4.779949633058885e-07,
        4.965923214503358e-07,
        2.7848384078050083e-07,
        9.62941712971554e-08
    ],
    "maggies_unc": [
        6.245433282658794e-10,
        7.455051462242048e-10,
        4.968840847965034e-09,
        1.872247134795339e-08,
        2.9872065361518746e-08,
        3.7450618485079536e-08,
        4.28705591696808e-08,
        1.4273275777117858e-08,
        2.2012481540687497e-08,
        2.286892153333701e-08,
        1.282465480841817e-08,
        3.893500190395553e-08
    ],
    "mags": [
        21.777442538860956,
        19.476987596570012,
        17.41747649463217,
        15.977206274323919,
        15.469951083750358,
        15.224466725082967,
        15.07771634055499,
        16.271805068475633,
        15.801441698950791,
        15.76,
        16.387999999999998,
        17.541
    ],
    "mags_unc": [
        0.34854905439995676,
        0.05,
        0.05,
        0.05,
        0.05,
        0.05,
        0.05,
        0.05,
        0.05,
        0.05,
        0.05,
        0.439
    ],
    "filternames": [
        "galex_FUV",
        "galex_NUV",
        "sdss_u0",
        "sdss_g0",
        "sdss_r0",
        "sdss_i0",
        "sdss_z0",
        "uvot_b",
        "uvot_v",
        "wise_w1",
        "wise_w2",
        "wise_w3"
    ],
    "photmask": [
        true,
        true,
        true,
        true,
        true,
        true,
        true,
        true,
        true,
        false,
        false,
        false
    ]
}