{
    "maggies": [
        4.159593420569085e-09,
        5.122172267593071e-09,
        1.9649593176553575e-07,
        3.9743085864984656e-07,
        5.120665991399231e-07,
        6.081630512737956e-07,
        7.16775467222046e-07,
        4.0888389026769695e-07,
        2.3099362801731805e-07,
        3.435579478998743e-07
    ],
    "maggies_unc": [
        1.425976073819751e-09,
        1.1989437760236591e-09,
        9.048972066345956e-09,
        1.8302367412459208e-08,
        2.3581538355994892e-08,
        2.8006943519456308e-08,
        3.300873011698651e-08,
        1.8829799009916244e-08,
        1.0637649688985766e-08,
        3.923714190692823e-08
    ],
    "mags": [
        20.952372793524905,
        20.726364548851425,
        16.76661609197544,
        16.001846037447475,
        15.72668387803899,
        15.539949921986405,
        15.361542168773664,
        15.971,
        16.591,
        16.16
    ],
    "mags_unc": [
        0.3722079765798689,
        0.25413761917656075,
        0.05,
        0.05,
        0.05,
        0.05,
        0.05,
        0.05,
        0.05,
        0.124
    ],
    "filternames": [
        "galex_FUV",
        "galex_NUV",
        "ps_g",
        "ps_r",
        "ps_i",
        "ps_z",
        "ps_y",
        "wise_w1",
        "wise_w2",
        "wise_w3"
    ],
    "photmask": [
        true,
        true,
        true,
        true,
        true,
        true,
        true,
        false,
        false,
        false
    ]
}