{
    "maggies": [
        1.4247054106033988e-07,
        7.252819605887497e-07,
        1.494754459948881e-06,
        2.1154181097598513e-06,
        2.7221112279831803e-06,
        1.2079353314198449e-06,
        6.176077741300768e-07,
        1.984266498484639e-07
    ],
    "maggies_unc": [
        6.561010880726694e-09,
        3.3400468613383e-08,
        6.883598674329318e-08,
        9.741860409965352e-08,
        1.2535785470051576e-07,
        5.562747774856314e-08,
        2.844188908058297e-08,
        4.1851512933034115e-08
    ],
    "mags": [
        17.11568731593784,
        15.348732810737582,
        14.563575355217266,
        14.186509455101133,
        13.91273533273949,
        14.79489078920297,
        15.523218114903983,
        16.756
    ],
    "mags_unc": [
        0.05,
        0.05,
        0.05,
        0.05,
        0.05,
        0.05,
        0.05,
        0.229
    ],
    "filternames": [
        "sdss_u0",
        "sdss_g0",
        "sdss_r0",
        "sdss_i0",
        "sdss_z0",
        "wise_w1",
        "wise_w2",
        "wise_w3"
    ],
    "photmask": [
        true,
        true,
        true,
        true,
        true,
        false,
        false,
        false
    ]
}