{
    "maggies": [
        3.7451035854608023e-10,
        1.2256008833386209e-09,
        1.683285843661383e-08,
        8.770674056088345e-08,
        1.8160739741928737e-07,
        2.5732771173854597e-07,
        3.2987881179261136e-07,
        2.2674882178556843e-07,
        1.3153360814239696e-07,
        3.5332404124687675e-08
    ],
    "maggies_unc": [
        5.153510883227493e-11,
        5.644100647871686e-11,
        7.751817781725213e-10,
        4.039044667411729e-09,
        8.363329721501929e-09,
        1.1850379061268898e-08,
        1.5191480690565108e-08,
        1.0442169137948268e-08,
        6.05734650672807e-09,
        1.6438391763474153e-08
    ],
    "mags": [
        23.56634041422244,
        22.279127336745734,
        19.4346053223838,
        17.64241757086358,
        16.852166163312866,
        16.473783604751233,
        16.20411394603407,
        16.611137402272263,
        17.202408166111578,
        18.62956702709198
    ],
    "mags_unc": [
        0.14940450163400953,
        0.05,
        0.05,
        0.05,
        0.05,
        0.05,
        0.05,
        0.05,
        0.05,
        0.5051384848485594
    ],
    "filternames": [
        "galex_FUV",
        "galex_NUV",
        "sdss_u0",
        "sdss_g0",
        "sdss_r0",
        "sdss_i0",
        "sdss_z0",
        "wise_w1",
        "wise_w2",
        "wise_w3"
    ],
    "photmask": [
        true,
        true,
        true,
        true,
        true,
        true,
        true,
        false,
        false,
        false
    ]
}