{
    "maggies": [
        1.8101906657080643e-10,
        4.5355724567396413e-10,
        4.3472121981746736e-09,
        1.6143470705724676e-08,
        3.2136844048363545e-08,
        3.3859859249937266e-08,
        2.109015104793661e-08,
        0.0
    ],
    "maggies_unc": [
        2.367716911762962e-10,
        3.886684760351816e-10,
        2.0019652007197764e-10,
        7.434342999237541e-10,
        1.4799563608327265e-09,
        1.777803490137043e-09,
        9.71237348239432e-10,
        3.8848119799606904e-08
    ],
    "mags": [
        24.355689197213977,
        23.35841972679469,
        20.904472900761057,
        19.48000772510305,
        18.732491936828243,
        18.67578712879147,
        19.189800774566592,
        17.774
    ],
    "mags_unc": [
        1.420135471040897,
        0.9304039128567005,
        0.05,
        0.05,
        0.05,
        0.05700630944562258,
        0.05,
        0.05
    ],
    "filternames": [
        "galex_FUV",
        "galex_NUV",
        "decam_g",
        "decam_r",
        "decam_z",
        "wise_w1",
        "wise_w2",
        "wise_w3"
    ],
    "photmask": [
        true,
        true,
        true,
        true,
        true,
        false,
        false,
        false
    ]
}