{
    "maggies": [
        6.604139745425844e-09,
        1.5864214639717614e-08,
        2.906535342239619e-08,
        4.058692088262062e-08,
        4.703373225392415e-08,
        3.087139434513566e-08,
        1.3357434494659846e-08,
        1.1462817096699765e-07
    ],
    "maggies_unc": [
        6.593901421057422e-10,
        7.305740828294337e-10,
        1.3385089902602587e-09,
        1.8690967798970195e-09,
        2.5208538058808207e-09,
        1.676785847992144e-09,
        7.263903800410875e-10,
        4.132873572860521e-08
    ],
    "mags": [
        20.450459363801276,
        19.49895355710926,
        18.841560979595986,
        18.479034737708915,
        18.31897639361049,
        18.776109386553692,
        19.685692367339062,
        17.351771593093872
    ],
    "mags_unc": [
        0.1084053,
        0.05,
        0.05,
        0.05,
        0.0581919,
        0.05897197523499588,
        0.059043398993566205,
        0.39145791386958934
    ],
    "filternames": [
        "sdss_u0",
        "sdss_g0",
        "sdss_r0",
        "sdss_i0",
        "sdss_z0",
        "wise_w1",
        "wise_w2",
        "wise_w3"
    ],
    "photmask": [
        true,
        true,
        true,
        true,
        true,
        false,
        false,
        false
    ]
}