{
    "maggies": [
        4.288793536905636e-10,
        1.7255300282664595e-09,
        5.804609401844403e-09,
        2.3999807484320215e-08,
        5.004489158809512e-08,
        7.206310872715277e-08,
        9.562220034695543e-08,
        7.712585649892138e-08,
        4.781894606659089e-08,
        1.4125375446227526e-07
    ],
    "maggies_unc": [
        4.495981855026319e-10,
        7.381246455260286e-10,
        5.880867114909603e-10,
        1.1052319789624531e-09,
        2.3046524270250186e-09,
        3.318628798199022e-09,
        4.4035650615637935e-09,
        3.5517769491762863e-09,
        2.774701247865585e-09,
        2.8882092494659727e-08
    ],
    "mags": [
        23.419162150630356,
        21.907693696412327,
        20.59056749766491,
        19.049480604974395,
        18.251600618055512,
        17.855717516998837,
        17.54860316761327,
        17.782,
        18.301,
        17.125
    ],
    "mags_unc": [
        1.1381872859889768,
        0.4644420196367136,
        0.11,
        0.05,
        0.05,
        0.05,
        0.05,
        0.05,
        0.063,
        0.222
    ],
    "filternames": [
        "galex_FUV",
        "galex_NUV",
        "sdss_u0",
        "sdss_g0",
        "sdss_r0",
        "sdss_i0",
        "sdss_z0",
        "wise_w1",
        "wise_w2",
        "wise_w3"
    ],
    "photmask": [
        true,
        true,
        true,
        true,
        true,
        true,
        true,
        false,
        false,
        false
    ],
    "redshift": 0.1206
}