{
    "maggies": [
        1.4060866800685324e-08,
        5.0045132282902286e-08,
        8.935132544162796e-08,
        1.2924565250178856e-07,
        1.5307081455189294e-07,
        1.042637740029954e-07,
        6.012972172382652e-08,
        2.525806152449633e-07
    ],
    "maggies_unc": [
        7.443094458036556e-10,
        2.3046635114305178e-09,
        4.114780600023043e-09,
        5.951982255698139e-09,
        7.049171515192895e-09,
        4.8015242351719466e-09,
        2.7690760177432637e-09,
        2.181810849474564e-08
    ],
    "mags": [
        19.629969764586534,
        18.25159539613516,
        17.62224750191611,
        17.221460141402037,
        17.037769016842578,
        17.454666397759706,
        18.05227701508633,
        16.49399995803833
    ],
    "mags_unc": [
        0.05747325,
        0.05,
        0.05,
        0.05,
        0.05,
        0.05,
        0.05,
        0.0937867313733159
    ],
    "filternames": [
        "sdss_u0",
        "sdss_g0",
        "sdss_r0",
        "sdss_i0",
        "sdss_z0",
        "wise_w1",
        "wise_w2",
        "wise_w3"
    ],
    "photmask": [
        true,
        true,
        true,
        true,
        true,
        false,
        false,
        false
    ]
}