{
    "maggies": [
        9.847453298034999e-09,
        5.3029731818143905e-08,
        1.08089507135024e-07,
        1.5327972666674883e-07,
        1.9300156590071388e-07,
        1.2964795769153154e-07,
        7.705325129737171e-08,
        4.4462406872901984e-08
    ],
    "maggies_unc": [
        5.441903800322506e-10,
        2.442109399398604e-09,
        4.977705756763596e-09,
        7.058792273621156e-09,
        8.888050571349835e-09,
        5.970509094352865e-09,
        3.5484333560810445e-09,
        2.3202671058925336e-08
    ],
    "mags": [
        20.01669017543485,
        18.18870142297272,
        17.415541158607425,
        17.0362882067812,
        16.786097918422527,
        17.218085800404413,
        17.783022578258883,
        18.380017578601837
    ],
    "mags_unc": [
        0.06,
        0.05,
        0.05,
        0.05,
        0.05,
        0.05,
        0.05,
        0.5665905601507678
    ],
    "filternames": [
        "sdss_u0",
        "sdss_g0",
        "sdss_r0",
        "sdss_i0",
        "sdss_z0",
        "wise_w1",
        "wise_w2",
        "wise_w3"
    ],
    "photmask": [
        true,
        true,
        true,
        true,
        true,
        false,
        false,
        false
    ]
}