{
    "maggies": [
        3.349512336320544e-10,
        2.0487559582301536e-10,
        1.7245829012814801e-09,
        6.7656532860893635e-09,
        1.4900204182675503e-08,
        2.0057088547272047e-08,
        2.5136011269777804e-08,
        1.262408761467047e-08,
        0.0,
        0.0
    ],
    "maggies_unc": [
        4.4505293418745937e-10,
        3.2192392906860977e-10,
        3.335639059303453e-10,
        3.11569848018311e-10,
        6.861797606719229e-10,
        9.236630619562044e-10,
        1.389067316330897e-09,
        1.1278397950226103e-09,
        4.15116507962477e-09,
        3.440091580715192e-08
    ],
    "mags": [
        23.687546045886805,
        24.22127442599081,
        21.908289810281598,
        20.424225654781395,
        19.56701945064688,
        19.244330270465063,
        18.99925909396828,
        19.747,
        20.201999999999998,
        17.906
    ],
    "mags_unc": [
        1.4426281654241357,
        1.7060326954202942,
        0.21,
        0.05,
        0.05,
        0.05,
        0.06,
        0.097,
        0.05,
        0.05
    ],
    "filternames": [
        "galex_FUV",
        "galex_NUV",
        "sdss_u0",
        "sdss_g0",
        "sdss_r0",
        "sdss_i0",
        "sdss_z0",
        "wise_w1",
        "wise_w2",
        "wise_w3"
    ],
    "photmask": [
        true,
        true,
        true,
        true,
        true,
        true,
        true,
        false,
        false,
        false
    ]
}