{
    "maggies": [
        1.789849724922711e-10,
        3.148331441481489e-09,
        2.4145003278859386e-08,
        1.0065560068857412e-07,
        1.6464197534482567e-07,
        2.1018334697746187e-07,
        2.505157177208595e-07,
        1.818025623774263e-07,
        1.1587773561551262e-07,
        0.0
    ],
    "maggies_unc": [
        2.5359338024650635e-10,
        2.402169900877512e-10,
        1.1119184924038796e-09,
        4.635361713437439e-09,
        7.582043162201777e-09,
        9.679300830917977e-09,
        1.153667514369511e-08,
        8.372317399967638e-09,
        5.336366932763692e-09,
        5.788552870576343e-08
    ],
    "mags": [
        24.367958576707405,
        21.254798883579934,
        19.04293182821754,
        17.492905137619616,
        16.958648579908136,
        16.693504241253496,
        16.502912551684528,
        16.851,
        17.34,
        17.341
    ],
    "mags_unc": [
        1.5383163758762848,
        0.08284143140074463,
        0.05,
        0.05,
        0.05,
        0.05,
        0.05,
        0.05,
        0.05,
        0.05
    ],
    "filternames": [
        "galex_FUV",
        "galex_NUV",
        "sdss_u0",
        "sdss_g0",
        "sdss_r0",
        "sdss_i0",
        "sdss_z0",
        "wise_w1",
        "wise_w2",
        "wise_w3"
    ],
    "photmask": [
        true,
        true,
        true,
        true,
        true,
        true,
        true,
        false,
        false,
        false
    ],
    "redshift": 0.0458
}