{
    "maggies": [
        4.499440613698363e-09,
        4.475433536336605e-09,
        4.3611946008540484e-08,
        7.573473350399623e-08,
        9.960941641868773e-08,
        1.1830626678291673e-07,
        1.26384273954267e-07,
        9.13692373681454e-08,
        6.15460237371315e-08,
        3.0988460420120547e-07
    ],
    "maggies_unc": [
        1.3187228306547972e-09,
        2.8025633401477814e-10,
        2.00840433511453e-09,
        3.487713367763569e-09,
        4.587183147350134e-09,
        5.4482049260424144e-09,
        5.820210903919416e-09,
        4.207708878442523e-09,
        2.8342991358035336e-09,
        2.7399769734990943e-08
    ],
    "mags": [
        20.86710368971992,
        20.87291222024508,
        18.400986335602887,
        17.801762246112855,
        17.50424901073362,
        17.3174806245427,
        17.2457674053196,
        17.598,
        18.027,
        16.272000000000002
    ],
    "mags_unc": [
        0.318214027966949,
        0.06798993795396768,
        0.05,
        0.05,
        0.05,
        0.05,
        0.05,
        0.05,
        0.05,
        0.096
    ],
    "filternames": [
        "galex_FUV",
        "galex_NUV",
        "ps_g",
        "ps_r",
        "ps_i",
        "ps_z",
        "ps_y",
        "wise_w1",
        "wise_w2",
        "wise_w3"
    ],
    "photmask": [
        true,
        true,
        true,
        true,
        true,
        true,
        true,
        false,
        false,
        false
    ]
}