{
    "maggies": [
        0.0,
        0.0,
        2.56264226388801e-09,
        8.024653519887875e-09,
        1.39612740601076e-08,
        1.918811126051904e-08,
        2.2594474054891662e-08,
        1.348962882591656e-08,
        9.221466651242648e-09,
        0.0
    ],
    "maggies_unc": [
        7.204257709980802e-10,
        7.726511563852006e-10,
        2.832336900242422e-10,
        3.695489514267204e-10,
        6.429404306001644e-10,
        8.836451790236466e-10,
        1.2486167794280225e-09,
        1.453655653846262e-09,
        2.8962100686089316e-09,
        4.890688521614922e-08
    ],
    "mags": [
        21.108601889250423,
        21.032616341855423,
        21.478280039029215,
        20.238934275080076,
        19.637687369033824,
        19.292419429954403,
        19.114994408869876,
        19.674999999999997,
        20.087999999999997,
        17.524
    ],
    "mags_unc": [
        0.05,
        0.05,
        0.12,
        0.05,
        0.05,
        0.05,
        0.06,
        0.117,
        0.341,
        0.05
    ],
    "filternames": [
        "galex_FUV",
        "galex_NUV",
        "sdss_u0",
        "sdss_g0",
        "sdss_r0",
        "sdss_i0",
        "sdss_z0",
        "wise_w1",
        "wise_w2",
        "wise_w3"
    ],
    "photmask": [
        true,
        true,
        true,
        true,
        true,
        true,
        true,
        false,
        false,
        false
    ]
}