{
    "maggies": [
        0.0,
        0.0,
        1.1464144330146263e-09,
        8.170810761566183e-09,
        2.6461255682499325e-08,
        4.0864227392552434e-08,
        5.26088531817272e-08,
        5.8808509735961e-08,
        3.795176493780581e-08,
        1.5105383171123474e-10
    ],
    "maggies_unc": [
        5.801595660503299e-10,
        4.532228097109461e-10,
        3.484426154685564e-10,
        3.762797411451524e-10,
        1.2185858575285386e-09,
        1.8818672166162037e-09,
        2.4227272219151485e-09,
        2.70823195718438e-09,
        1.7477433639721152e-09,
        1.3912572045516816e-09
    ],
    "mags": [
        21.343706345233667,
        21.611795592082277,
        22.35164588734684,
        20.219337119438713,
        18.94347387703029,
        18.471641769351212,
        18.19735291316896,
        18.076399564743042,
        18.55192005634308,
        24.552170634269714
    ],
    "mags_unc": [
        0.05,
        0.05,
        0.33,
        0.05,
        0.05,
        0.05,
        0.05,
        0.05,
        0.05,
        10.0
    ],
    "filternames": [
        "galex_FUV",
        "galex_NUV",
        "sdss_u0",
        "sdss_g0",
        "sdss_r0",
        "sdss_i0",
        "sdss_z0",
        "wise_w1",
        "wise_w2",
        "wise_w3"
    ],
    "photmask": [
        true,
        true,
        true,
        true,
        true,
        true,
        true,
        false,
        false,
        false
    ],
    "redshift": 0.212
}