{
    "maggies": [
        1.1404987505715218e-10,
        4.030014419359492e-10,
        1.7318495873409363e-09,
        1.0502842828241208e-08,
        2.259509039908712e-08,
        3.032711912953468e-08,
        3.7607837632200086e-08,
        2.3593914430440526e-08,
        1.664178856616583e-08,
        0.0
    ],
    "maggies_unc": [
        6.339861545762501e-11,
        4.339394669012818e-11,
        3.6907360006745374e-10,
        4.836737866073526e-10,
        1.0405423665558179e-09,
        1.3966154484224225e-09,
        1.7319049262328882e-09,
        1.0865399130581892e-09,
        1.3181782189984996e-09,
        2.46700485593979e-08
    ],
    "mags": [
        24.857262965403205,
        23.486733499884785,
        21.903724573845835,
        19.946732833869497,
        19.114964791978643,
        18.795422106894744,
        18.561804092088845,
        19.067999999999998,
        19.447,
        18.267
    ],
    "mags_unc": [
        0.6035444764791542,
        0.11690871070457476,
        0.2313807,
        0.05,
        0.05,
        0.05,
        0.05,
        0.05,
        0.086,
        0.05
    ],
    "filternames": [
        "galex_FUV",
        "galex_NUV",
        "sdss_u0",
        "sdss_g0",
        "sdss_r0",
        "sdss_i0",
        "sdss_z0",
        "wise_w1",
        "wise_w2",
        "wise_w3"
    ],
    "photmask": [
        true,
        true,
        true,
        true,
        true,
        true,
        true,
        false,
        false,
        false
    ],
    "redshift": 0.148
}