{
    "maggies": [
        2.864099623708312e-09,
        1.1461074606137574e-08,
        2.109842297549185e-08,
        2.6967830719797454e-08,
        2.874605763654151e-08,
        5.615395328417169e-08,
        3.821146390574489e-08,
        0.0
    ],
    "maggies_unc": [
        1.636151739607278e-10,
        5.278019907556996e-10,
        9.716182845810122e-10,
        1.24191450011585e-09,
        1.3238048759249627e-09,
        2.5859851148963554e-09,
        3.061883121545518e-09,
        5.917932459809302e-08
    ],
    "mags": [
        21.35752969943498,
        19.85193665102714,
        19.189375013253116,
        18.922884966488457,
        18.85355426996597,
        18.12654915910005,
        18.54451580973026,
        17.317
    ],
    "mags_unc": [
        0.06202400103211403,
        0.05,
        0.05,
        0.05,
        0.05,
        0.05,
        0.087,
        0.05
    ],
    "filternames": [
        "ps_g",
        "ps_r",
        "ps_i",
        "ps_z",
        "ps_y",
        "wise_w1",
        "wise_w2",
        "wise_w3"
    ],
    "photmask": [
        true,
        true,
        true,
        true,
        true,
        false,
        false,
        false
    ]
}