{
    "maggies": [
        1.7433115242705912e-09,
        2.669114296439642e-09,
        9.070507003440557e-09,
        1.3794948791117181e-08,
        1.7802032226125808e-08,
        1.151373699675225e-08,
        8.054417217111329e-09
    ],
    "maggies_unc": [
        1.0880197672486818e-09,
        1.0657179638316554e-09,
        4.177122842404064e-10,
        6.352808689008531e-10,
        8.198138805775379e-10,
        1.9699839267051566e-09,
        8.199691265682328e-10
    ],
    "mags": [
        21.896562497252646,
        21.43408207129161,
        20.105921092536473,
        19.6506997683673,
        19.373826042793226,
        19.846959237915204,
        20.234914694458606
    ],
    "mags_unc": [
        0.6776198266048112,
        0.43351031424041864,
        0.05,
        0.05,
        0.05,
        0.18576791120195832,
        0.1105319160283482
    ],
    "filternames": [
        "galex_FUV",
        "galex_NUV",
        "decam_g",
        "decam_r",
        "decam_z",
        "wise_w1",
        "wise_w2"
    ],
    "photmask": [
        true,
        true,
        true,
        true,
        true,
        false,
        false
    ]
}