{
    "maggies": [
        8.122481557238024e-10,
        2.3519271361220514e-09,
        3.82360139372814e-09,
        1.5425095419259238e-08,
        2.972275553855017e-08,
        4.00241384033414e-08,
        4.5797615800334814e-08,
        3.9847400971777396e-08,
        2.95665056508294e-08,
        9.401561688035685e-08
    ],
    "maggies_unc": [
        6.339390925739406e-10,
        5.946269761651159e-10,
        4.2260004339598426e-10,
        7.103518954079413e-10,
        1.3687834765154366e-09,
        1.8431796889492884e-09,
        2.1090581487303902e-09,
        1.8350406294434218e-09,
        2.4780899839522735e-09,
        3.186570260837778e-08
    ],
    "mags": [
        22.72577816520794,
        21.57144034261889,
        21.043818471904725,
        19.529430351878684,
        18.81727732613189,
        18.494195020832834,
        18.34789282637189,
        18.499000000000002,
        18.823,
        17.567
    ],
    "mags_unc": [
        0.8473895810889225,
        0.27450171667002365,
        0.12,
        0.05,
        0.05,
        0.05,
        0.05,
        0.05,
        0.091,
        0.368
    ],
    "filternames": [
        "galex_FUV",
        "galex_NUV",
        "sdss_u0",
        "sdss_g0",
        "sdss_r0",
        "sdss_i0",
        "sdss_z0",
        "wise_w1",
        "wise_w2",
        "wise_w3"
    ],
    "photmask": [
        true,
        true,
        true,
        true,
        true,
        true,
        true,
        false,
        false,
        false
    ]
}