{
    "maggies": [
        0.0,
        0.0,
        1.0038387779707476e-09,
        3.95237121405802e-09,
        7.608179040318567e-09,
        7.082046858458019e-09,
        7.390388023706337e-09,
        0.0
    ],
    "maggies_unc": [
        3.0305864565633674e-10,
        3.5160946036155047e-10,
        4.622848411849606e-11,
        1.8201342078937552e-10,
        3.503695928613455e-10,
        1.796054953222272e-09,
        7.8458190244011e-10,
        6.208261537962047e-08
    ],
    "mags": [
        22.04875829397314,
        21.887423610075803,
        22.49584007918265,
        21.007855681057492,
        20.296798189668102,
        20.374603010132844,
        20.328331897202872,
        17.265
    ],
    "mags_unc": [
        0.05,
        0.05,
        0.05,
        0.05,
        0.05,
        0.27535004037987604,
        0.11526444543165261,
        0.05
    ],
    "filternames": [
        "galex_FUV",
        "galex_NUV",
        "decam_g",
        "decam_r",
        "decam_z",
        "wise_w1",
        "wise_w2",
        "wise_w3"
    ],
    "photmask": [
        true,
        true,
        true,
        true,
        true,
        false,
        false,
        false
    ]
}