{
    "maggies": [
        3.201494669525618e-09,
        1.8049793684804117e-07,
        2.718183957397433e-07,
        3.7096296577700994e-07,
        4.2289374685965213e-07,
        5.062274951012838e-07,
        3.150145352386475e-07,
        1.9812017512880706e-07,
        1.3477210138513474e-06
    ],
    "maggies_unc": [
        1.0897225230495135e-09,
        8.312237174049605e-09,
        1.2517699720637784e-08,
        1.708347590102007e-08,
        1.9474976748788653e-08,
        2.3312637677678647e-08,
        1.4506955458339146e-08,
        9.123771237459218e-09,
        6.20648463201787e-08
    ],
    "mags": [
        21.236618042343977,
        16.858819394653867,
        16.414302887607825,
        16.076673612495416,
        15.934421841308827,
        15.739135675964551,
        16.2541735168887,
        16.75767824198439,
        14.676000000000002
    ],
    "mags_unc": [
        0.369562132236986,
        0.05,
        0.05,
        0.05,
        0.05,
        0.05,
        0.05,
        0.05,
        0.05
    ],
    "filternames": [
        "galex_NUV",
        "ps_g",
        "ps_r",
        "ps_i",
        "ps_z",
        "ps_y",
        "wise_w1",
        "wise_w2",
        "wise_w3"
    ],
    "photmask": [
        true,
        true,
        true,
        true,
        true,
        true,
        false,
        false,
        false
    ]
}