{
    "maggies": [
        9.265291756285371e-10,
        1.9544594524605576e-09,
        4.6224000902957165e-09,
        1.2712179743823093e-08,
        2.6534187840782593e-08,
        3.7748918125276136e-08,
        4.359421903106563e-08,
        3.8360917280243834e-08,
        2.3339547122793364e-08,
        1.0337130523505845e-07
    ],
    "maggies_unc": [
        3.811052385949383e-10,
        4.744987923603748e-10,
        5.374871228224953e-10,
        5.854175115517585e-10,
        1.2219445075377973e-09,
        1.7384019230382716e-09,
        2.0695670367136573e-09,
        2.0847991235244324e-09,
        1.0748258656435215e-09,
        3.93211066140967e-08
    ],
    "mags": [
        22.58285225139973,
        21.772433337708776,
        20.83783116754051,
        19.73944993762971,
        18.940485501824238,
        18.557738726574105,
        18.40142774525556,
        18.540277541489008,
        19.079768937990973,
        17.464
    ],
    "mags_unc": [
        0.44659117732025067,
        0.2635923284727575,
        0.1262481,
        0.05,
        0.05,
        0.05,
        0.05154362,
        0.05900645887902773,
        0.05,
        0.413
    ],
    "filternames": [
        "galex_FUV",
        "galex_NUV",
        "sdss_u0",
        "sdss_g0",
        "sdss_r0",
        "sdss_i0",
        "sdss_z0",
        "wise_w1",
        "wise_w2",
        "wise_w3"
    ],
    "photmask": [
        true,
        true,
        true,
        true,
        true,
        true,
        true,
        false,
        false,
        false
    ]
}