{
    "maggies": [
        4.944462746149688e-10,
        1.6178105389409734e-09,
        1.4021146686172456e-07,
        3.0179413395203625e-07,
        5.245427602887249e-07,
        4.944462746149688e-10,
        1.6178105389409734e-09,
        4.002544492778143e-07,
        2.291980379528228e-07,
        1.4505872173945656e-07
    ],
    "maggies_unc": [
        3.4437004153001297e-10,
        4.932795115835337e-10,
        6.456976669252713e-09,
        1.3898133479820137e-08,
        2.415608680957534e-08,
        3.4437004153001297e-10,
        4.932795115835337e-10,
        1.8432398566232734e-08,
        1.0554959710673066e-08,
        8.662123836732759e-08
    ],
    "mags": [
        23.264702227335086,
        21.97768084943959,
        17.133041167936103,
        16.300723014921783,
        15.700547756757617,
        23.264702227335086,
        21.97768084943959,
        15.994159579277039,
        16.599472761154175,
        17.096140384674072
    ],
    "mags_unc": [
        0.7561893801593556,
        0.33104706138349016,
        0.05,
        0.05,
        0.05,
        0.7561893801593556,
        0.33104706138349016,
        0.05,
        0.05,
        0.6483430535484316
    ],
    "filternames": [
        "galex_FUV",
        "galex_NUV",
        "ps_g",
        "ps_r",
        "ps_z",
        "galex_FUV",
        "galex_NUV",
        "wise_w1",
        "wise_w2",
        "wise_w3"
    ],
    "photmask": [
        true,
        true,
        true,
        true,
        true,
        true,
        true,
        false,
        false,
        false
    ]
}