{
    "maggies": [
        1.461381625283481e-10,
        1.3457701392167239e-09,
        2.0192579627036034e-09,
        8.029172294065306e-09,
        1.565081711954346e-08,
        2.1054341681346994e-08,
        2.6228202829950258e-08,
        1.9353484483693288e-08,
        1.044061941518731e-08,
        5.158435169522256e-08
    ],
    "maggies_unc": [
        2.0303524406408595e-10,
        5.44239138662355e-10,
        3.4461020782406693e-10,
        3.6975704866791156e-10,
        7.207467638527357e-10,
        9.695882659654556e-10,
        1.5511325539219063e-09,
        2.159930912477958e-09,
        9.367877492989933e-10,
        3.4339447858270336e-08
    ],
    "mags": [
        24.588090893921095,
        22.177572780805118,
        21.737020489636556,
        20.238323056681175,
        19.513657458194018,
        19.19164583343974,
        18.953078666182826,
        19.283102078446998,
        19.953184337477612,
        18.21870505809784
    ],
    "mags_unc": [
        1.5084541334609938,
        0.4390795423920011,
        0.1852937,
        0.05,
        0.05,
        0.05,
        0.0642103,
        0.1211727631491637,
        0.09741801086133658,
        0.7227692229498562
    ],
    "filternames": [
        "galex_FUV",
        "galex_NUV",
        "sdss_u0",
        "sdss_g0",
        "sdss_r0",
        "sdss_i0",
        "sdss_z0",
        "wise_w1",
        "wise_w2",
        "wise_w3"
    ],
    "photmask": [
        true,
        true,
        true,
        true,
        true,
        true,
        true,
        false,
        false,
        false
    ]
}