{
    "maggies": [
        5.188379516648567e-10,
        4.818442237752729e-09,
        2.1025233350093536e-08,
        4.05969627267366e-08,
        5.2541994445469886e-08,
        6.149889362180868e-08,
        3.232957533680941e-08,
        1.796387399063893e-08,
        0.0
    ],
    "maggies_unc": [
        1.479583361625556e-10,
        6.213129030137292e-10,
        9.682477777729327e-10,
        1.869559223908372e-09,
        2.4196482633262985e-09,
        2.8321287137840656e-09,
        1.4888319646673062e-09,
        2.0847127625487406e-09,
        3.906339672758019e-08
    ],
    "mags": [
        23.212420659747668,
        20.792733357148823,
        19.1931479386354,
        18.478766142680193,
        18.198733614551394,
        18.027831743011273,
        18.726,
        19.363999999999997,
        17.768
    ],
    "mags_unc": [
        0.30962215052307585,
        0.14,
        0.05,
        0.05,
        0.05,
        0.05,
        0.05,
        0.126,
        0.05
    ],
    "filternames": [
        "galex_NUV",
        "sdss_u0",
        "sdss_g0",
        "sdss_r0",
        "sdss_i0",
        "sdss_z0",
        "wise_w1",
        "wise_w2",
        "wise_w3"
    ],
    "photmask": [
        true,
        true,
        true,
        true,
        true,
        true,
        false,
        false,
        false
    ],
    "redshift": 0.074
}