{
    "maggies": [
        4.025421243452664e-10,
        6.061127565808086e-10,
        7.79927426709577e-11,
        5.21486870662625e-09,
        2.127852440492227e-08,
        3.6277934127598063e-08,
        4.875789625235609e-08,
        7.774300332679085e-08,
        4.787482961622497e-08,
        0.0
    ],
    "maggies_unc": [
        1.2428024184303271e-10,
        1.411212542299215e-10,
        1.0533489221253238e-10,
        2.4015357891597486e-10,
        9.799122619136804e-10,
        1.670660606536545e-09,
        2.2453841015285078e-09,
        3.5801976108971026e-09,
        2.2047173800789897e-09,
        5.2646560642171994e-08
    ],
    "mags": [
        23.487971664554227,
        23.043616438736098,
        25.26986451777996,
        20.706891553043533,
        19.18014623053592,
        18.60089363027915,
        18.279887602676347,
        17.773346714862015,
        18.29973189662436,
        17.444
    ],
    "mags_unc": [
        0.335208540782034,
        0.252791998377738,
        1.466366,
        0.05,
        0.05,
        0.05,
        0.05,
        0.05,
        0.05,
        0.05
    ],
    "filternames": [
        "galex_FUV",
        "galex_NUV",
        "sdss_u0",
        "sdss_g0",
        "sdss_r0",
        "sdss_i0",
        "sdss_z0",
        "wise_w1",
        "wise_w2",
        "wise_w3"
    ],
    "photmask": [
        true,
        true,
        true,
        true,
        true,
        true,
        true,
        false,
        false,
        false
    ]
}