{
    "maggies": [
        0.0,
        0.0,
        9.825792309282996e-09,
        1.64499447921247e-08,
        2.517041767693601e-08,
        3.217619440194719e-08,
        3.046839409174361e-08,
        2.7593068558175005e-08,
        1.5674727518004407e-08,
        0.0
    ],
    "maggies_unc": [
        2.1038554848624914e-09,
        7.531001421802101e-10,
        5.230835934066284e-10,
        7.575479531784273e-10,
        1.1591405705469335e-09,
        1.4817685115840413e-09,
        1.4151882449097501e-09,
        1.4994351646355887e-09,
        2.2954762532929523e-09,
        3.635549015798299e-08
    ],
    "mags": [
        19.945035227787336,
        21.060443165176927,
        20.019081049792025,
        19.45958888813241,
        18.997773944315078,
        18.731163307053727,
        18.79037608921144,
        18.898000000000003,
        19.511999999999997,
        17.846
    ],
    "mags_unc": [
        0.05,
        0.05,
        0.0578,
        0.05,
        0.05,
        0.05,
        0.05043,
        0.059,
        0.159,
        0.05
    ],
    "filternames": [
        "galex_FUV",
        "galex_NUV",
        "ps_g",
        "ps_r",
        "ps_i",
        "ps_z",
        "ps_y",
        "wise_w1",
        "wise_w2",
        "wise_w3"
    ],
    "photmask": [
        true,
        true,
        true,
        true,
        true,
        true,
        true,
        false,
        false,
        false
    ],
    "redshift": 0.138
}