{
    "maggies": [
        2.776035899251977e-10,
        0.0,
        1.0493602077464332e-09,
        4.865067173113201e-09,
        9.823425560874016e-09,
        1.2873468559962027e-08,
        1.6307926050109724e-08,
        8.970156084148108e-09,
        0.0,
        0.0
    ],
    "maggies_unc": [
        4.3338853796878594e-10,
        6.986168124071774e-10,
        6.475526339722034e-10,
        2.2404462298450282e-10,
        4.5238546517210365e-10,
        5.928451360259218e-10,
        1.6522170465078045e-09,
        1.3632001469584925e-09,
        2.8325005595976746e-09,
        6.347022009809018e-08
    ],
    "mags": [
        23.89143730488533,
        21.141977407048856,
        22.447688521212804,
        20.782277897373454,
        20.019342603657893,
        19.725761058244405,
        19.469003166415856,
        20.118000000000002,
        20.616999999999997,
        17.241
    ],
    "mags_unc": [
        1.6950271663514727,
        0.05,
        0.67,
        0.05,
        0.05,
        0.05,
        0.11,
        0.165,
        0.05,
        0.05
    ],
    "filternames": [
        "galex_FUV",
        "galex_NUV",
        "sdss_u0",
        "sdss_g0",
        "sdss_r0",
        "sdss_i0",
        "sdss_z0",
        "wise_w1",
        "wise_w2",
        "wise_w3"
    ],
    "photmask": [
        true,
        true,
        true,
        true,
        true,
        true,
        true,
        false,
        false,
        false
    ]
}