{
    "maggies": [
        3.5279512617597364e-09,
        4.846537480213585e-09,
        8.944475765651902e-09,
        2.484378655670862e-08,
        3.988774434484771e-08,
        5.30601979647584e-08,
        6.324894489900927e-08,
        4.066305463404278e-08,
        2.847082159799285e-08,
        0.0
    ],
    "maggies_unc": [
        2.7776696542140544e-10,
        2.2319129909153453e-10,
        4.119083312527315e-10,
        1.144098651580063e-09,
        1.836898510432078e-09,
        2.443512417299314e-09,
        2.9127215534412107e-09,
        1.8726028687189873e-09,
        2.83204034194311e-09,
        6.597357285975577e-08
    ],
    "mags": [
        21.13119355806753,
        20.786421060851712,
        20.12111277070865,
        19.011955526536937,
        18.497901305959164,
        18.188077835053004,
        17.99736678717325,
        18.477,
        18.864,
        17.199
    ],
    "mags_unc": [
        0.08548350826518814,
        0.05,
        0.05,
        0.05,
        0.05,
        0.05,
        0.05,
        0.05,
        0.108,
        0.05
    ],
    "filternames": [
        "galex_FUV",
        "galex_NUV",
        "sdss_u0",
        "sdss_g0",
        "sdss_r0",
        "sdss_i0",
        "sdss_z0",
        "wise_w1",
        "wise_w2",
        "wise_w3"
    ],
    "photmask": [
        true,
        true,
        true,
        true,
        true,
        true,
        true,
        false,
        false,
        false
    ]
}