{
    "maggies": [
        2.3812443461213817e-07,
        8.82159770790266e-07,
        1.655413361927174e-06,
        1.2024931749414919e-06,
        2.1457998236184947e-06,
        2.891718882643349e-06,
        2.922005944838831e-06,
        2.3906093639332726e-06,
        1.3050667231000008e-06,
        1.224616199265049e-06
    ],
    "maggies_unc": [
        1.4036525399437947e-08,
        4.062495875721422e-08,
        7.623460259833336e-08,
        5.537685718094721e-08,
        9.881773372826398e-08,
        1.3316857584607947e-07,
        1.3456334660451748e-07,
        2.2018325938258924e-07,
        1.20201087278906e-07,
        1.1279132020266911e-07
    ],
    "mags": [
        16.557990095352284,
        15.136131878188875,
        14.45273385911842,
        14.799793449742207,
        14.17102698685803,
        13.847109822747816,
        13.835797262065158,
        14.05372845928012,
        14.710918209830764,
        14.78
    ],
    "mags_unc": [
        0.064,
        0.05,
        0.05,
        0.05,
        0.05,
        0.05,
        0.05,
        0.1,
        0.1,
        0.1
    ],
    "filternames": [
        "uvot_u",
        "uvot_b",
        "uvot_v",
        "ps_g",
        "ps_r",
        "ps_i",
        "ps_z",
        "wise_w1",
        "wise_w2",
        "wise_w3"
    ],
    "photmask": [
        true,
        true,
        true,
        true,
        true,
        true,
        true,
        false,
        false,
        false
    ]
}