{
    "maggies": [
        0.0,
        4.445111803347707e-10,
        9.274172709186459e-11,
        3.515374410502786e-09,
        1.2475489879059886e-08,
        2.1006209511900725e-08,
        2.828017513846566e-08,
        3.646639153618067e-08,
        2.2687919657165938e-08,
        0.0
    ],
    "maggies_unc": [
        2.0558309255380758e-10,
        3.1040298278880125e-10,
        7.381491341762024e-11,
        1.6188897427832894e-10,
        5.745175404664277e-10,
        9.673716976482468e-10,
        1.4027525379996013e-09,
        2.039886283317747e-09,
        1.0448173118727375e-09,
        4.0231850086989984e-08
    ],
    "mags": [
        22.470106502171383,
        23.38029327797945,
        25.081812051683823,
        21.135071032402855,
        19.759855979472782,
        19.194130768149847,
        18.871294763228008,
        18.595268023403154,
        19.110513311062657,
        17.736
    ],
    "mags_unc": [
        0.05,
        0.758171608248194,
        0.8641582,
        0.05,
        0.05,
        0.05,
        0.05385466,
        0.060734783401591906,
        0.05,
        0.05
    ],
    "filternames": [
        "galex_FUV",
        "galex_NUV",
        "sdss_u0",
        "sdss_g0",
        "sdss_r0",
        "sdss_i0",
        "sdss_z0",
        "wise_w1",
        "wise_w2",
        "wise_w3"
    ],
    "photmask": [
        true,
        true,
        true,
        true,
        true,
        true,
        true,
        false,
        false,
        false
    ]
}