{
    "maggies": [
        7.994146175006568e-10,
        1.3101353719481791e-09,
        8.16687258316208e-09,
        1.652127950052447e-08,
        2.4598223661750566e-08,
        1.4007715448921874e-08,
        5.867275916297833e-09,
        1.8424790375849255e-08
    ],
    "maggies_unc": [
        4.3947604009885796e-10,
        4.668905079499485e-10,
        3.7609838132741565e-10,
        7.608330379019152e-10,
        1.1327900623536054e-09,
        3.6748212673939088e-09,
        1.707024382204313e-09,
        1.6261154883699017e-08
    ],
    "mags": [
        22.743069787044195,
        22.206709569538756,
        20.21986055019284,
        19.45489080378314,
        19.022740634858824,
        19.634081722604613,
        20.578908720098333,
        19.336493611335754
    ],
    "mags_unc": [
        0.596880564119374,
        0.38692179372684166,
        0.05,
        0.05,
        0.05,
        0.28483491905397107,
        0.3158839298857376,
        0.958237473982534
    ],
    "filternames": [
        "galex_FUV",
        "galex_NUV",
        "decam_g",
        "decam_r",
        "decam_z",
        "wise_w1",
        "wise_w2",
        "wise_w3"
    ],
    "photmask": [
        true,
        true,
        true,
        true,
        true,
        false,
        false,
        false
    ]
}