{
    "maggies": [
        9.725084925816277e-10,
        2.8768834337505034e-09,
        6.556719793576719e-09,
        3.2294528057360675e-08,
        5.964077680395787e-08,
        8.150248527464989e-08,
        9.857104669395477e-08,
        7.90966904601698e-08,
        5.684818120244703e-08,
        2.018836538021316e-07
    ],
    "maggies_unc": [
        4.752931933065471e-10,
        4.887535282158242e-10,
        7.977064326613381e-10,
        1.487217977803133e-09,
        2.7465592720675693e-09,
        3.753328152707511e-09,
        4.539364454366406e-09,
        3.6425372071750267e-09,
        2.6179554920115774e-09,
        3.483406311139363e-08
    ],
    "mags": [
        22.530266493604007,
        21.352694336501607,
        20.45828343960742,
        18.7271776443125,
        18.061141771553835,
        17.722072870033188,
        17.515626579472237,
        17.75460421935174,
        18.113208563868792,
        16.737247109413147
    ],
    "mags_unc": [
        0.5306308703568554,
        0.1844556489712872,
        0.1320933,
        0.05,
        0.05,
        0.05,
        0.05,
        0.05,
        0.05,
        0.18733861195091145
    ],
    "filternames": [
        "galex_FUV",
        "galex_NUV",
        "sdss_u0",
        "sdss_g0",
        "sdss_r0",
        "sdss_i0",
        "sdss_z0",
        "wise_w1",
        "wise_w2",
        "wise_w3"
    ],
    "photmask": [
        true,
        true,
        true,
        true,
        true,
        true,
        true,
        false,
        false,
        false
    ]
}