{
    "maggies": [
        2.030304019485554e-10,
        2.1666532807547357e-10,
        2.919104282637557e-09,
        1.208370677042863e-08,
        2.3231338308358655e-08,
        3.0142477902467564e-08,
        3.6421436180066717e-08,
        2.1222715022343944e-08,
        1.3056290720466296e-08,
        8.61751421663799e-09
    ],
    "maggies_unc": [
        1.0192779106190174e-10,
        1.1357121434455075e-10,
        1.5816210422791535e-10,
        5.564752615540037e-10,
        1.0698426655825631e-09,
        1.388112405682485e-09,
        1.6772691202731124e-09,
        1.4284087180262736e-09,
        6.226910852343728e-10,
        3.456458637776074e-08
    ],
    "mags": [
        24.231097313962,
        24.160526453013915,
        21.33687597479009,
        19.794499555221883,
        19.08481442672697,
        18.80205262199653,
        18.59660733246063,
        19.1829976439476,
        19.71045047044754,
        20.161544978618622
    ],
    "mags_unc": [
        0.5450744911344358,
        0.569119112538722,
        0.05882706,
        0.05,
        0.05,
        0.05,
        0.05,
        0.07307618552670858,
        0.05178180159233948,
        4.35485476314834
    ],
    "filternames": [
        "galex_FUV",
        "galex_NUV",
        "sdss_u0",
        "sdss_g0",
        "sdss_r0",
        "sdss_i0",
        "sdss_z0",
        "wise_w1",
        "wise_w2",
        "wise_w3"
    ],
    "photmask": [
        true,
        true,
        true,
        true,
        true,
        true,
        true,
        false,
        false,
        false
    ],
    "redshift": 0.117
}