{
    "maggies": [
        3.769029440511863e-08,
        1.585162851545562e-07,
        3.0124530350603356e-07,
        3.9572015008234565e-07,
        4.954364619383748e-07,
        3.22764555262522e-07,
        1.750392662413707e-07,
        4.703230918832909e-08
    ],
    "maggies_unc": [
        1.735702200955661e-09,
        7.29994470387349e-09,
        1.3872858903749197e-08,
        1.8223586371539513e-08,
        2.2815692235700277e-08,
        1.4863857069886722e-08,
        8.060856102719921e-09,
        2.626350484944776e-08
    ],
    "mags": [
        18.55942617547793,
        16.99981528488609,
        16.30269928782537,
        16.006529587206003,
        15.762530086039158,
        16.227785409620058,
        16.89216128972623,
        18.319009244441986
    ],
    "mags_unc": [
        0.05,
        0.05,
        0.05,
        0.05,
        0.05,
        0.05,
        0.05,
        0.6062904112299486
    ],
    "filternames": [
        "sdss_u0",
        "sdss_g0",
        "sdss_r0",
        "sdss_i0",
        "sdss_z0",
        "wise_w1",
        "wise_w2",
        "wise_w3"
    ],
    "photmask": [
        true,
        true,
        true,
        true,
        true,
        false,
        false,
        false
    ]
}