{
    "maggies": [
        1.4074843379509845e-08,
        2.4400384580696328e-08,
        1.0371625563757832e-07,
        4.068868900400268e-07,
        8.033720190293743e-07,
        1.1580532828810872e-06,
        1.5419644369073832e-06,
        1.2289161413004009e-06,
        7.45408314060987e-07,
        2.550636885556249e-06
    ],
    "maggies_unc": [
        6.481704910377061e-10,
        1.1236792359766627e-09,
        4.7763100826449505e-09,
        1.8737833750817464e-08,
        3.699664870291132e-08,
        5.3330324521096164e-08,
        7.101008652699797e-08,
        5.659367974996135e-08,
        3.4327321443013055e-08,
        1.1746116940645159e-07
    ],
    "mags": [
        19.628891072859936,
        19.03150832145256,
        17.460382926278392,
        15.976315757395524,
        15.23770824639997,
        14.840678644852904,
        14.529814106297913,
        14.776194378652576,
        15.319014418911603,
        13.983378410339355
    ],
    "mags_unc": [
        0.05,
        0.05,
        0.05,
        0.05,
        0.05,
        0.05,
        0.05,
        0.05,
        0.05,
        0.05
    ],
    "filternames": [
        "galex_FUV",
        "galex_NUV",
        "sdss_u0",
        "sdss_g0",
        "sdss_r0",
        "sdss_i0",
        "sdss_z0",
        "wise_w1",
        "wise_w2",
        "wise_w3"
    ],
    "photmask": [
        true,
        true,
        true,
        true,
        true,
        true,
        true,
        false,
        false,
        false
    ]
}