{
    "maggies": [
        9.165919547720941e-09,
        1.788181316345572e-08,
        1.1029606029625764e-06,
        3.4090550074690373e-07,
        5.841550736540846e-07,
        9.165919547720941e-09,
        1.788181316345572e-08,
        1.1029606029625764e-06,
        3.4090550074690373e-07,
        5.841550736540846e-07,
        7.510039257335021e-07,
        4.2938034653343184e-07,
        1.931968317016922e-06
    ],
    "maggies_unc": [
        1.4801829169703924e-09,
        1.312088818118977e-09,
        5.8920126906959385e-08,
        1.569927848278982e-08,
        2.6901335291854683e-08,
        1.4801829169703924e-09,
        1.312088818118977e-09,
        5.8920126906959385e-08,
        1.569927848278982e-08,
        2.6901335291854683e-08,
        3.458500888347939e-08,
        1.9773695703049957e-08,
        8.897042893799919e-08
    ],
    "mags": [
        20.094559897548663,
        19.368971117798818,
        14.8936,
        16.16841497767907,
        15.583679617269542,
        20.094559897548663,
        19.368971117798818,
        14.8936,
        16.16841497767907,
        15.583679617269542,
        15.31089448199044,
        15.917894594599316,
        14.285
    ],
    "mags_unc": [
        0.1753330011519516,
        0.07966654839015064,
        0.058,
        0.05,
        0.05,
        0.1753330011519516,
        0.07966654839015064,
        0.058,
        0.05,
        0.05,
        0.05,
        0.05,
        0.05
    ],
    "filternames": [
        "galex_FUV",
        "galex_NUV",
        "skymapper_z",
        "uvot_b",
        "uvot_v",
        "galex_FUV",
        "galex_NUV",
        "skymapper_z",
        "uvot_b",
        "uvot_v",
        "wise_w1",
        "wise_w2",
        "wise_w3"
    ],
    "photmask": [
        true,
        true,
        true,
        true,
        true,
        true,
        true,
        true,
        true,
        true,
        false,
        false,
        false
    ]
}