{
    "maggies": [
        0.0,
        0.0,
        9.133229773374239e-10,
        4.311209047198677e-09,
        1.2180755203298725e-08,
        1.6920421838950235e-08,
        2.045155271100961e-08,
        1.0964781961431851e-08,
        0.0,
        0.0
    ],
    "maggies_unc": [
        9.380187439713907e-10,
        5.244349384887407e-10,
        3.7465644893420826e-10,
        1.9853851369721475e-10,
        5.60944507050506e-10,
        7.792142218707542e-10,
        1.7630860105958399e-09,
        1.1916746128376453e-09,
        3.556067568266648e-09,
        3.355598598492102e-08
    ],
    "mags": [
        20.822046197258103,
        21.453345946148524,
        22.598439040635164,
        20.913502295078406,
        19.785814461840413,
        19.428972034677972,
        19.223184285373307,
        19.9,
        20.369999999999997,
        17.933
    ],
    "mags_unc": [
        0.05,
        0.05,
        0.4453825,
        0.05,
        0.05,
        0.05,
        0.09359907,
        0.118,
        0.05,
        0.05
    ],
    "filternames": [
        "galex_FUV",
        "galex_NUV",
        "sdss_u0",
        "sdss_g0",
        "sdss_r0",
        "sdss_i0",
        "sdss_z0",
        "wise_w1",
        "wise_w2",
        "wise_w3"
    ],
    "photmask": [
        true,
        true,
        true,
        true,
        true,
        true,
        true,
        false,
        false,
        false
    ]
}