{
    "maggies": [
        6.034331962743984e-09,
        1.2323486010075412e-08,
        1.971058700714043e-08,
        1.1849286309767246e-09,
        4.332955710145893e-10,
        1.4348285182325904e-08,
        7.467925899308812e-09,
        0.0
    ],
    "maggies_unc": [
        4.1828191924140755e-10,
        7.420858877209672e-10,
        9.077060763360736e-10,
        1.373139170035162e-10,
        2.854069833370468e-10,
        9.250681319838275e-10,
        1.6370149178468657e-09,
        4.019481224285619e-08
    ],
    "mags": [
        20.54842700486633,
        19.77316605900261,
        19.263251104171285,
        22.315769516764224,
        23.408039375347105,
        19.607999999999997,
        20.317,
        17.737000000000002
    ],
    "mags_unc": [
        0.07526,
        0.06538,
        0.05,
        0.1258191313893562,
        0.7151623871304196,
        0.07,
        0.238,
        0.05
    ],
    "filternames": [
        "ps_g",
        "ps_r",
        "ps_z",
        "galex_NUV",
        "galex_FUV",
        "wise_w1",
        "wise_w2",
        "wise_w3"
    ],
    "photmask": [
        true,
        true,
        true,
        true,
        true,
        false,
        false,
        false
    ],
    "redshift": 0.152
}