{
    "maggies": [
        3.03665866794483e-09,
        1.1660116643845106e-08,
        2.5403837935239125e-08,
        6.581188764496958e-08,
        1.016550639088956e-07,
        1.3241619603254675e-07,
        1.5306933135750885e-07,
        9.9919520938412e-08,
        6.417907613175859e-08,
        2.4856234256286453e-07
    ],
    "maggies_unc": [
        1.0050265364800616e-09,
        1.294481159538223e-09,
        1.169889970690365e-09,
        3.0307494286621196e-09,
        4.681388695679601e-09,
        6.097991181110389e-09,
        7.049103211567319e-09,
        4.601463988237878e-09,
        2.955555679662346e-09,
        2.211001250014804e-08
    ],
    "mags": [
        21.2940100542503,
        19.833242762552096,
        18.987751666306178,
        17.954239130998904,
        17.482177455675714,
        17.195147231021277,
        17.037779537238958,
        17.50087414210679,
        17.981516347338086,
        16.511411666870117
    ],
    "mags_unc": [
        0.35934025411475545,
        0.12053610647452828,
        0.05,
        0.05,
        0.05,
        0.05,
        0.05,
        0.05,
        0.05,
        0.09657794825857101
    ],
    "filternames": [
        "galex_FUV",
        "galex_NUV",
        "sdss_u0",
        "sdss_g0",
        "sdss_r0",
        "sdss_i0",
        "sdss_z0",
        "wise_w1",
        "wise_w2",
        "wise_w3"
    ],
    "photmask": [
        true,
        true,
        true,
        true,
        true,
        true,
        true,
        false,
        false,
        false
    ]
}