{
    "maggies": [
        1.3363830293326763e-09,
        2.116302574756284e-09,
        3.94798198526271e-08,
        1.531239828341815e-07,
        2.774444600395671e-07,
        3.6702776903219205e-07,
        4.4848852210879476e-07,
        2.416876477978069e-07,
        1.3835777894928728e-07,
        2.994467960454989e-08
    ],
    "maggies_unc": [
        5.193204972261984e-10,
        1.6117867422788718e-10,
        1.8181128933349911e-09,
        7.05162000507725e-09,
        1.2776789556417789e-08,
        1.6902253393767743e-08,
        2.065365970773283e-08,
        1.1130127499600509e-08,
        6.371611186167886e-09,
        3.090015856573248e-08
    ],
    "mags": [
        22.185172620211915,
        21.686055599209382,
        18.50906209423526,
        17.037391957989204,
        16.392059856690828,
        16.08825269031518,
        15.870621667773802,
        16.541863862503153,
        17.147491045774913,
        18.809200823307037
    ],
    "mags_unc": [
        0.42191875632619613,
        0.08269021837025647,
        0.05,
        0.05,
        0.05,
        0.05,
        0.05,
        0.05,
        0.05,
        1.1203800251208962
    ],
    "filternames": [
        "galex_FUV",
        "galex_NUV",
        "sdss_u0",
        "sdss_g0",
        "sdss_r0",
        "sdss_i0",
        "sdss_z0",
        "wise_w1",
        "wise_w2",
        "wise_w3"
    ],
    "photmask": [
        true,
        true,
        true,
        true,
        true,
        true,
        true,
        false,
        false,
        false
    ]
}