{
    "maggies": [
        0.0,
        9.712807414031584e-10,
        3.788834650398152e-09,
        1.5494031553994163e-08,
        2.998844433889112e-08,
        4.151649341607563e-08,
        5.296606815520169e-08,
        3.3832331080576144e-08,
        1.8976358020436988e-08,
        7.46611402480052e-09
    ],
    "maggies_unc": [
        2.6628412979730774e-10,
        3.8954429447708985e-10,
        3.8113421504642625e-10,
        7.135265217321266e-10,
        1.3810188979362476e-09,
        1.911905177064824e-09,
        2.4391775793734812e-09,
        2.1272939099996173e-09,
        9.063192713473678e-10,
        3.110142175894118e-08
    ],
    "mags": [
        22.18921177966079,
        22.531638055971843,
        21.05373586869863,
        19.52458890979125,
        18.80761515708825,
        18.45444833794478,
        18.190005662425854,
        18.676670194670347,
        19.304467836383825,
        20.317263454198837
    ],
    "mags_unc": [
        0.05,
        0.4354480901780633,
        0.1092186,
        0.05,
        0.05,
        0.05,
        0.05,
        0.06826842675271946,
        0.051855242450215125,
        4.522826668728371
    ],
    "filternames": [
        "galex_FUV",
        "galex_NUV",
        "sdss_u0",
        "sdss_g0",
        "sdss_r0",
        "sdss_i0",
        "sdss_z0",
        "wise_w1",
        "wise_w2",
        "wise_w3"
    ],
    "photmask": [
        true,
        true,
        true,
        true,
        true,
        true,
        true,
        false,
        false,
        false
    ]
}