{
    "maggies": [
        1.8432418610366263e-10,
        6.406281447772862e-10,
        8.027290592601409e-08,
        1.5118235410834697e-07,
        2.0861635019411557e-07,
        2.543137159355043e-07,
        2.9030503298332705e-07,
        2.0473872763416373e-07,
        1.2291361730601675e-07,
        0.0
    ],
    "maggies_unc": [
        3.2456591156954365e-10,
        5.574638842271972e-10,
        3.6967039311310688e-09,
        6.9622046978725374e-09,
        9.60713796223592e-09,
        1.1711579425140291e-08,
        1.3369040827371073e-08,
        9.428566844179871e-09,
        5.660381258696183e-09,
        5.4371335977312235e-08
    ],
    "mags": [
        24.336044187695734,
        22.983484963380594,
        17.738577537562758,
        17.05124724101222,
        16.70162914244852,
        16.486575540826284,
        16.342863586980073,
        16.722,
        17.276,
        17.409
    ],
    "mags_unc": [
        1.9118107529480461,
        0.9447894646604702,
        0.05,
        0.05,
        0.05,
        0.05,
        0.05,
        0.05,
        0.05,
        0.05
    ],
    "filternames": [
        "galex_FUV",
        "galex_NUV",
        "ps_g",
        "ps_r",
        "ps_i",
        "ps_z",
        "ps_y",
        "wise_w1",
        "wise_w2",
        "wise_w3"
    ],
    "photmask": [
        true,
        true,
        true,
        true,
        true,
        true,
        true,
        false,
        false,
        false
    ]
}