{
    "maggies": [
        5.677207141554079e-10,
        0.0,
        8.511434832076913e-10,
        4.460493716010003e-09,
        1.000255665664244e-08,
        1.6761117014901554e-08,
        8.924474954474977e-09,
        0.0
    ],
    "maggies_unc": [
        3.6872906870203236e-10,
        4.297448753453192e-10,
        3.919660592866116e-11,
        2.05413326757565e-10,
        4.6063475698826486e-10,
        1.91979061550477e-09,
        8.325181568069366e-10,
        2.9333913320098835e-08
    ],
    "mags": [
        23.114663148973758,
        21.669548222955477,
        22.674993054216554,
        20.876542670331894,
        19.999722450010506,
        19.439242604890424,
        20.123543312292004,
        18.079
    ],
    "mags_unc": [
        0.7051750793206999,
        0.05,
        0.05,
        0.05,
        0.05,
        0.12435842879417217,
        0.10128272067261042,
        0.05
    ],
    "filternames": [
        "galex_FUV",
        "galex_NUV",
        "decam_g",
        "decam_r",
        "decam_z",
        "wise_w1",
        "wise_w2",
        "wise_w3"
    ],
    "photmask": [
        true,
        true,
        true,
        true,
        true,
        false,
        false,
        false
    ]
}