{
    "maggies": [
        0.0,
        1.08775339808247e-10,
        9.789384954792758e-10,
        6.930159211830545e-09,
        1.7544604157587673e-08,
        2.565713176260999e-08,
        3.361465520062143e-08,
        2.5072636247771112e-08,
        2.0118703951494302e-08,
        0.0
    ],
    "maggies_unc": [
        5.237017449787677e-10,
        1.6116613686302782e-10,
        3.7868698335696476e-10,
        3.1914562586472756e-10,
        8.079588799148547e-10,
        1.181554582511396e-09,
        1.8576144953060562e-09,
        1.4779360887342064e-09,
        2.55714153506073e-09,
        5.2695072253457926e-08
    ],
    "mags": [
        21.454864936717737,
        24.908673878301947,
        22.523111482731796,
        20.39814196973845,
        19.38964106479053,
        18.976979738696127,
        18.683678347809956,
        19.002000000000002,
        19.241,
        17.443
    ],
    "mags_unc": [
        0.05,
        1.6086726098181892,
        0.42,
        0.05,
        0.05,
        0.05,
        0.06,
        0.064,
        0.138,
        0.05
    ],
    "filternames": [
        "galex_FUV",
        "galex_NUV",
        "sdss_u0",
        "sdss_g0",
        "sdss_r0",
        "sdss_i0",
        "sdss_z0",
        "wise_w1",
        "wise_w2",
        "wise_w3"
    ],
    "photmask": [
        true,
        true,
        true,
        true,
        true,
        true,
        true,
        false,
        false,
        false
    ]
}