{
    "maggies": [
        2.411333015433514e-10,
        7.053417777768487e-11,
        4.9546800218533525e-09,
        3.083770848358549e-08,
        5.974503683185239e-08,
        8.503402543187352e-08,
        1.0960179589870917e-07,
        6.982324040771705e-08,
        3.448259965526236e-08,
        0.0
    ],
    "maggies_unc": [
        1.5472240157031032e-10,
        1.0556367648445877e-10,
        5.476114732259972e-10,
        1.4201289571279994e-09,
        2.7513606237880705e-09,
        3.915961587134171e-09,
        5.047349228034874e-09,
        3.2154790501469754e-09,
        3.4618016291175486e-09,
        4.792586988428232e-08
    ],
    "mags": [
        24.044357018873956,
        25.379000979738397,
        20.76246096860295,
        18.777294753425995,
        18.059245416998397,
        17.676018153347385,
        17.400455823969693,
        17.89,
        18.656,
        17.546
    ],
    "mags_unc": [
        0.6966591175786263,
        1.6249470693172547,
        0.12,
        0.05,
        0.05,
        0.05,
        0.05,
        0.05,
        0.109,
        0.05
    ],
    "filternames": [
        "galex_FUV",
        "galex_NUV",
        "sdss_u0",
        "sdss_g0",
        "sdss_r0",
        "sdss_i0",
        "sdss_z0",
        "wise_w1",
        "wise_w2",
        "wise_w3"
    ],
    "photmask": [
        true,
        true,
        true,
        true,
        true,
        true,
        true,
        false,
        false,
        false
    ],
    "redshift": 0.071
}