{
    "maggies": [
        7.88483185309128e-09,
        1.5753226239861048e-08,
        2.143250338247499e-08,
        2.0826404598645178e-08,
        2.6497907785360866e-08,
        2.112515966240847e-08,
        0.0,
        0.0
    ],
    "maggies_unc": [
        3.6310992571385204e-10,
        7.254628781293338e-10,
        9.870032558806276e-10,
        9.590913753900606e-10,
        1.4270125278386452e-09,
        1.731672207037799e-09,
        5.412152238045661e-09,
        6.174048039293009e-08
    ],
    "mags": [
        20.258018909310504,
        19.506576224577454,
        19.172317747652304,
        19.20346424684736,
        18.941971039039466,
        19.188000000000002,
        19.913999999999998,
        17.271
    ],
    "mags_unc": [
        0.05,
        0.05,
        0.05,
        0.05,
        0.058471,
        0.089,
        0.05,
        0.05
    ],
    "filternames": [
        "ps_g",
        "ps_r",
        "ps_i",
        "ps_z",
        "ps_y",
        "wise_w1",
        "wise_w2",
        "wise_w3"
    ],
    "photmask": [
        true,
        true,
        true,
        true,
        true,
        false,
        false,
        false
    ],
    "redshift": 0.091
}