{
    "maggies": [
        3.6531796279871182e-09,
        6.217800973255225e-09,
        2.9741575042875695e-08,
        1.2258195150055948e-07,
        2.1474651657583444e-07,
        2.9066709006853574e-07,
        3.4998564723528623e-07,
        2.3784109830818574e-07,
        1.4733959035137183e-07,
        4.3912714514998297e-07
    ],
    "maggies_unc": [
        8.364698454332533e-10,
        7.811450071507008e-10,
        1.747266527188291e-09,
        5.645107483906147e-09,
        9.889442556798303e-09,
        1.3385714172315362e-08,
        1.6117434681716856e-08,
        1.0952987349315198e-08,
        6.785238887018362e-09,
        5.4818301053156414e-08
    ],
    "mags": [
        21.093322432168232,
        20.515907958707448,
        18.816590090012884,
        17.278933672438193,
        16.670184680431706,
        16.34151034292277,
        16.139874413798072,
        16.559282745758182,
        17.0792013548737,
        15.893524289131165
    ],
    "mags_unc": [
        0.24860140695455613,
        0.1364015057859831,
        0.06378514,
        0.05,
        0.05,
        0.05,
        0.05,
        0.05,
        0.05,
        0.13553754258670184
    ],
    "filternames": [
        "galex_FUV",
        "galex_NUV",
        "sdss_u0",
        "sdss_g0",
        "sdss_r0",
        "sdss_i0",
        "sdss_z0",
        "wise_w1",
        "wise_w2",
        "wise_w3"
    ],
    "photmask": [
        true,
        true,
        true,
        true,
        true,
        true,
        true,
        false,
        false,
        false
    ]
}