{
    "maggies": [
        7.20183767719241e-11,
        1.3486972092380624e-12,
        5.149746849039162e-10,
        3.653414842297859e-09,
        9.994601868181229e-09,
        2.3386727574153023e-08,
        1.1135973426357567e-08,
        0.0
    ],
    "maggies_unc": [
        1.6445682722427095e-10,
        6.366300096940684e-12,
        7.449017253601136e-11,
        1.6824597108796486e-10,
        4.602684254416908e-10,
        3.118231628843534e-09,
        1.5182744775902546e-09,
        2.5548770452733795e-08
    ],
    "mags": [
        25.356391678633045,
        29.6752138528723,
        23.22053529864343,
        21.09325252800312,
        20.00058625296315,
        19.077576358251246,
        19.88317953521023,
        18.229
    ],
    "mags_unc": [
        2.479321798691977,
        5.12503655991744,
        0.15704981155746942,
        0.05,
        0.05,
        0.14476488698654333,
        0.14802887057706998,
        0.05
    ],
    "filternames": [
        "galex_FUV",
        "galex_NUV",
        "decam_g",
        "decam_r",
        "decam_z",
        "wise_w1",
        "wise_w2",
        "wise_w3"
    ],
    "photmask": [
        true,
        true,
        true,
        true,
        true,
        false,
        false,
        false
    ]
}