{
    "maggies": [
        4.3667134570566205e-07,
        9.265776143746676e-07,
        1.1676668492728966e-06,
        2.0777501244190905e-06,
        8.610234776141083e-08,
        2.069561972551655e-06,
        1.003512641736125e-06,
        2.926846862378789e-07
    ],
    "maggies_unc": [
        4.4240808971018305e-08,
        9.387504730388818e-08,
        1.1830070035164028e-07,
        9.568392926907843e-08,
        3.965159648544277e-09,
        9.530685094049587e-08,
        4.621346498985352e-08,
        3.6392295355864896e-08
    ],
    "mags": [
        15.8996132636716,
        15.082795490828039,
        14.83170262371145,
        14.206016707528326,
        17.662462516083504,
        14.210303910553272,
        14.996192880308804,
        16.334
    ],
    "mags_unc": [
        0.11,
        0.11,
        0.11,
        0.05,
        0.05,
        0.05,
        0.05,
        0.135
    ],
    "filternames": [
        "decam_g",
        "decam_r",
        "decam_i",
        "twomass_J",
        "uvot_u",
        "wise_w1",
        "wise_w2",
        "wise_w3"
    ],
    "photmask": [
        true,
        true,
        true,
        true,
        true,
        false,
        false,
        false
    ]
}