{
    "maggies": [
        5.91156355377373e-09,
        2.4628093643534126e-08,
        4.809526316454032e-08,
        6.546188033321586e-08,
        7.987152541338114e-08
    ],
    "maggies_unc": [
        8.056445965793412e-10,
        1.1341656258492619e-09,
        2.2148687201259237e-09,
        3.014630996292459e-09,
        3.67821967543093e-09
    ],
    "mags": [
        20.57074409264969,
        19.021423009392876,
        18.294744236446032,
        17.96002881033312,
        17.744020052963897
    ],
    "mags_unc": [
        0.1479672,
        0.05,
        0.05,
        0.05,
        0.05
    ],
    "filternames": [
        "sdss_u0",
        "sdss_g0",
        "sdss_r0",
        "sdss_i0",
        "sdss_z0"
    ],
    "photmask": [
        true,
        true,
        true,
        true,
        true
    ]
}