{
    "maggies": [
        8.132030474916439e-09,
        4.8217682080386616e-08,
        3.0425574492020317e-07,
        1.1451887095289501e-06,
        1.7582972794390076e-06,
        2.129845438528484e-06,
        2.412007889585738e-06,
        1.5849864203192356e-06,
        9.155871681264289e-07,
        5.197965893196715e-07
    ],
    "maggies_unc": [
        2.4037712382674975e-09,
        2.220506319540487e-09,
        1.4011494854221174e-08,
        5.273788902452898e-08,
        8.09725820937649e-08,
        9.808300714274107e-08,
        1.1107706821488299e-07,
        7.299132208050133e-08,
        4.216434729329097e-08,
        5.648654897970436e-08
    ],
    "mags": [
        20.224502506263292,
        18.29198417713476,
        16.291903031811398,
        14.85280735589925,
        14.387269239672776,
        14.179129779700984,
        14.044053189922224,
        14.499936135832744,
        15.09575075638445,
        15.710416436195374
    ],
    "mags_unc": [
        0.3209360158442003,
        0.05,
        0.05,
        0.05,
        0.05,
        0.05,
        0.05,
        0.05,
        0.05,
        0.11798748312177011
    ],
    "filternames": [
        "galex_FUV",
        "galex_NUV",
        "sdss_u0",
        "sdss_g0",
        "sdss_r0",
        "sdss_i0",
        "sdss_z0",
        "wise_w1",
        "wise_w2",
        "wise_w3"
    ],
    "photmask": [
        true,
        true,
        true,
        true,
        true,
        true,
        true,
        false,
        false,
        false
    ]
}