{
    "maggies": [
        3.7443229619266215e-10,
        1.0675963563451894e-09,
        7.4084484080837366e-09,
        2.778600631210587e-08,
        5.159488039158327e-08,
        6.709255411435939e-08,
        8.195836900483657e-08
    ],
    "maggies_unc": [
        3.839421810837956e-10,
        5.44874443796031e-10,
        6.428627940114814e-10,
        1.2795928785618687e-09,
        2.3760320492894088e-09,
        3.0897262990924053e-09,
        3.7743223743328385e-09
    ],
    "mags": [
        23.56656674696796,
        22.428982292770236,
        20.325681847921548,
        18.890434674911045,
        18.218483475001392,
        17.933314187151186,
        17.716016731925503
    ],
    "mags_unc": [
        1.113311887823869,
        0.5541325681384386,
        0.09421398,
        0.05,
        0.05,
        0.05,
        0.05
    ],
    "filternames": [
        "galex_FUV",
        "galex_NUV",
        "sdss_u0",
        "sdss_g0",
        "sdss_r0",
        "sdss_i0",
        "sdss_z0"
    ],
    "photmask": [
        true,
        true,
        true,
        true,
        true,
        true,
        true
    ],
    "redshift": 0.088
}