{
    "maggies": [
        0.0,
        1.7259860107960144e-11,
        4.717189395414765e-10,
        2.3392274335734847e-09,
        4.6872992986723564e-09,
        6.476654172208699e-09,
        7.355141045655353e-09,
        4.615712729828036e-09,
        8.37954870928807e-10
    ],
    "maggies_unc": [
        3.3874688896138406e-10,
        6.046781745732394e-11,
        2.495787026436713e-10,
        1.3128230024051772e-10,
        2.1585810983048828e-10,
        2.9826094698810884e-10,
        9.228514328987764e-10,
        2.29255023726972e-09,
        9.718208515386233e-10
    ],
    "mags": [
        21.927886700768248,
        26.90740682146326,
        23.315791716142016,
        21.57731887862787,
        20.822693286344652,
        20.471623229849126,
        20.333522486551704,
        20.83940307097656,
        22.69194842548384
    ],
    "mags_unc": [
        0.05,
        3.8037445393803573,
        0.5744451,
        0.06093377,
        0.05,
        0.05,
        0.1362276,
        0.5392677013335945,
        1.2591860488677842
    ],
    "filternames": [
        "galex_FUV",
        "galex_NUV",
        "sdss_u0",
        "sdss_g0",
        "sdss_r0",
        "sdss_i0",
        "sdss_z0",
        "wise_w1",
        "wise_w2"
    ],
    "photmask": [
        true,
        true,
        true,
        true,
        true,
        true,
        true,
        false,
        false
    ]
}