{
    "maggies": [
        0.0,
        1.074328379482793e-09,
        2.5747564067802477e-09,
        9.165594953895901e-09,
        2.0205963396539434e-08,
        2.9743121010784145e-08,
        3.890445823319538e-08,
        3.904810837492533e-08,
        3.025519803872309e-08,
        1.7652247174525592e-07
    ],
    "maggies_unc": [
        0.0,
        4.9474650231550595e-11,
        5.928595720343112e-10,
        4.22091246185243e-10,
        9.305190021291008e-10,
        1.3697213411709913e-09,
        2.149939813890364e-09,
        1.8701611188773555e-09,
        3.204597727519138e-09,
        4.064580120190889e-08
    ],
    "mags": [
        Infinity,
        22.4221573794601,
        21.47315963130976,
        20.09459834753791,
        19.236301095195568,
        18.816533654881116,
        18.525001570263267,
        18.521,
        18.798,
        16.883
    ],
    "mags_unc": [
        0.05,
        0.05,
        0.25,
        0.05,
        0.05,
        0.05,
        0.06,
        0.052,
        0.115,
        0.25
    ],
    "filternames": [
        "galex_FUV",
        "galex_NUV",
        "sdss_u0",
        "sdss_g0",
        "sdss_r0",
        "sdss_i0",
        "sdss_z0",
        "wise_w1",
        "wise_w2",
        "wise_w3"
    ],
    "photmask": [
        true,
        true,
        true,
        true,
        true,
        true,
        true,
        false,
        false,
        false
    ]
}