{
    "maggies": [
        1.4205144578996164e-11,
        3.319774049860693e-11,
        3.20176154254666e-10,
        1.6362568852979651e-09,
        6.593941960549185e-09,
        1.0313781541688821e-08,
        1.2701101266355381e-08,
        1.778344819199222e-08,
        9.621905968904295e-09,
        2.6041913875538608e-08
    ],
    "maggies_unc": [
        2.016102783619237e-11,
        2.9439303654528685e-11,
        2.388634401337418e-10,
        1.0549337994708696e-10,
        3.036622492485697e-10,
        4.749671926057965e-10,
        9.358517260965664e-10,
        8.189580541782639e-10,
        9.683013465504594e-10,
        1.895508538687372e-08
    ],
    "mags": [
        27.11888585424707,
        26.19722868549746,
        23.736527540358242,
        21.965371282362526,
        20.452137199519985,
        19.966455179279787,
        19.7403965532861,
        19.374960064888,
        20.041847229003906,
        18.960817754268646
    ],
    "mags_unc": [
        1.5409598772585937,
        0.9628160633983924,
        0.81,
        0.07,
        0.05,
        0.05,
        0.08,
        0.05,
        0.1092631576803491,
        0.7902730408820579
    ],
    "filternames": [
        "galex_FUV",
        "galex_NUV",
        "sdss_u0",
        "sdss_g0",
        "sdss_r0",
        "sdss_i0",
        "sdss_z0",
        "wise_w1",
        "wise_w2",
        "wise_w3"
    ],
    "photmask": [
        true,
        true,
        true,
        true,
        true,
        true,
        true,
        false,
        false,
        false
    ]
}