{
    "maggies": [
        0.0,
        6.096921330148339e-11,
        5.563021828240687e-10,
        1.5448240291047885e-09,
        4.39224089946269e-09,
        7.2177564230650395e-09,
        9.696088922039867e-09,
        1.1801739518357581e-08,
        8.372508856574707e-09,
        3.7308014706174376e-08
    ],
    "maggies_unc": [
        2.1871608900747964e-11,
        1.8852591742966444e-11,
        1.4858824115100685e-10,
        1.7074026147435294e-10,
        2.427242020785972e-10,
        3.323899668922317e-10,
        1.1609556302361527e-09,
        5.447689824072007e-10,
        1.2601750452207084e-09,
        2.4132399336291468e-08
    ],
    "mags": [
        24.90287316062208,
        25.537223521836246,
        23.13672308991699,
        22.02780245975852,
        20.8932846208267,
        20.353994445308796,
        20.033508525700725,
        19.820134937763214,
        20.192860960960388,
        18.570494651794434
    ],
    "mags_unc": [
        0.05,
        0.335725857370786,
        0.29,
        0.12,
        0.06,
        0.05,
        0.13,
        0.05011764634431251,
        0.16341788278365466,
        0.702300025167419
    ],
    "filternames": [
        "galex_FUV",
        "galex_NUV",
        "sdss_u0",
        "sdss_g0",
        "sdss_r0",
        "sdss_i0",
        "sdss_z0",
        "wise_w1",
        "wise_w2",
        "wise_w3"
    ],
    "photmask": [
        true,
        true,
        true,
        true,
        true,
        true,
        true,
        false,
        false,
        false
    ]
}