{
    "maggies": [
        0.0,
        4.019530269830393e-10,
        8.798190801816874e-09,
        4.5335339468168445e-08,
        1.0097859562640074e-07,
        1.420491117270163e-07,
        1.9289777440410638e-07,
        9.926588068710316e-08,
        6.4803729419229e-08,
        0.0
    ],
    "maggies_unc": [
        1.423903104673804e-10,
        1.695435413692969e-10,
        7.293089874809112e-10,
        2.0877695369045857e-09,
        4.650236180016482e-09,
        6.541603342713469e-09,
        8.883270796292475e-09,
        4.571362742260986e-09,
        4.05867795620691e-09,
        5.078904003984493e-08
    ],
    "mags": [
        22.86887389676679,
        23.489561741132214,
        20.139016559842624,
        18.358907819880322,
        17.489426684020767,
        17.118903694244754,
        16.786681957712364,
        17.508,
        17.971,
        17.483
    ],
    "mags_unc": [
        0.05,
        0.4579628682714727,
        0.09,
        0.05,
        0.05,
        0.05,
        0.05,
        0.05,
        0.068,
        0.05
    ],
    "filternames": [
        "galex_FUV",
        "galex_NUV",
        "sdss_u0",
        "sdss_g0",
        "sdss_r0",
        "sdss_i0",
        "sdss_z0",
        "wise_w1",
        "wise_w2",
        "wise_w3"
    ],
    "photmask": [
        true,
        true,
        true,
        true,
        true,
        true,
        true,
        false,
        false,
        false
    ]
}