{
    "maggies": [
        5.377206174527913e-09,
        1.5212403145180948e-08,
        1.2108624259361192e-07,
        3.941175173280417e-07,
        5.917343460725295e-07,
        1.1352179381170024e-06,
        6.370489644835465e-07,
        2.796824961456481e-07
    ],
    "maggies_unc": [
        1.2561563060489294e-09,
        1.3997838673548377e-09,
        6.80299760277016e-09,
        1.8149782405747427e-08,
        2.8885396106718747e-08,
        5.227871803215294e-08,
        2.9337188982542152e-08,
        3.352904538522993e-08
    ],
    "mags": [
        20.673608278370544,
        19.54450543458298,
        17.29226299278405,
        16.010935654082918,
        15.569683055526111,
        14.86230188750824,
        15.48956796473555,
        16.383336782455444
    ],
    "mags_unc": [
        0.2536362445563647,
        0.09990505833425445,
        0.061,
        0.05,
        0.053,
        0.05,
        0.05,
        0.13016080372353708
    ],
    "filternames": [
        "galex_FUV",
        "galex_NUV",
        "uvot_u",
        "uvot_b",
        "uvot_v",
        "wise_w1",
        "wise_w2",
        "wise_w3"
    ],
    "photmask": [
        true,
        true,
        true,
        true,
        true,
        false,
        false,
        false
    ]
}