{
    "maggies": [
        3.250532107374045e-09,
        1.8485437423471978e-08,
        4.11782825159024e-08,
        5.812380351356598e-08,
        7.094787753096234e-08,
        3.933688806732022e-08,
        2.839226239424902e-08,
        0.0
    ],
    "maggies_unc": [
        4.191390993853278e-10,
        8.512858529752168e-10,
        1.8963299895242843e-09,
        2.6767000703690394e-09,
        3.267270503647222e-09,
        3.876675572535519e-09,
        3.922536008722394e-09,
        8.785571232975448e-08
    ],
    "mags": [
        21.220113849567706,
        19.332925670496664,
        18.463329427771242,
        18.089114935053004,
        17.87265148079741,
        18.512999999999998,
        18.867,
        16.888
    ],
    "mags_unc": [
        0.14,
        0.05,
        0.05,
        0.05,
        0.05,
        0.107,
        0.15,
        0.05
    ],
    "filternames": [
        "sdss_u0",
        "sdss_g0",
        "sdss_r0",
        "sdss_i0",
        "sdss_z0",
        "wise_w1",
        "wise_w2",
        "wise_w3"
    ],
    "photmask": [
        true,
        true,
        true,
        true,
        true,
        false,
        false,
        false
    ]
}