{
    "maggies": [
        1.4726527406192258e-09,
        5.718617322519546e-09,
        3.561229809427625e-08,
        7.42677043714696e-08,
        1.0064680664383271e-07,
        1.0157808007968986e-07,
        8.287050779069812e-08,
        6.415049325106627e-07
    ],
    "maggies_unc": [
        7.577751860329389e-10,
        7.031939676928391e-10,
        6.592827876218918e-09,
        1.238095812990835e-08,
        4.634956732710866e-09,
        4.677843459328986e-09,
        3.816327917754169e-09,
        3.48600247944764e-08
    ],
    "mags": [
        22.079749125107778,
        20.60677241131678,
        18.621,
        17.823,
        17.493,
        17.483,
        17.704,
        15.482
    ],
    "mags_unc": [
        0.5586815763486364,
        0.13350834767087605,
        0.201,
        0.181,
        0.05,
        0.05,
        0.05,
        0.059
    ],
    "filternames": [
        "galex_FUV",
        "galex_NUV",
        "skymapper_g",
        "skymapper_i",
        "bessell_I",
        "wise_w1",
        "wise_w2",
        "wise_w3"
    ],
    "photmask": [
        true,
        true,
        true,
        true,
        true,
        false,
        false,
        false
    ]
}