{
    "maggies": [
        0.0,
        0.0,
        1.5768514740311693e-10,
        6.975554734683211e-10,
        2.8887224169034684e-09,
        4.034286600314604e-09,
        4.607155762178743e-09,
        7.085312710666531e-09,
        4.172404659061508e-09,
        4.0863220896626505e-09
    ],
    "maggies_unc": [
        3.904213095209105e-11,
        3.121660713129826e-11,
        1.6556606222742552e-10,
        1.4776863679649949e-10,
        2.3945505029854767e-10,
        3.344143747230013e-10,
        1.0608368179094395e-09,
        7.571605898239968e-10,
        3.7825124485650254e-10,
        2.99735333900389e-08
    ],
    "mags": [
        24.27374120466783,
        24.516610742362225,
        24.505523028958102,
        22.89105312295598,
        21.3482354709338,
        20.985583130631735,
        20.841417761363537,
        20.37410244345665,
        20.949033945798874,
        20.971668511629105
    ],
    "mags_unc": [
        0.05,
        0.05,
        1.14,
        0.23,
        0.09,
        0.09,
        0.25,
        0.11602545981496962,
        0.09842791018450996,
        7.963970943068404
    ],
    "filternames": [
        "galex_FUV",
        "galex_NUV",
        "sdss_u0",
        "sdss_g0",
        "sdss_r0",
        "sdss_i0",
        "sdss_z0",
        "wise_w1",
        "wise_w2",
        "wise_w3"
    ],
    "photmask": [
        true,
        true,
        true,
        true,
        true,
        true,
        true,
        false,
        false,
        false
    ]
}