{
    "maggies": [
        0.0,
        7.581984868566693e-10,
        1.7278229632024412e-09,
        3.80795589616183e-09,
        5.883339237553282e-09,
        6.836336925381088e-09,
        4.696565113730955e-09,
        0.0,
        0.0
    ],
    "maggies_unc": [
        2.092998585428337e-11,
        2.583808469382877e-10,
        1.273107007488877e-10,
        1.7536284962562026e-10,
        3.251253414100114e-10,
        1.1963348096251104e-09,
        8.589911392319726e-10,
        2.237535860238281e-09,
        1.598711151602462e-08
    ],
    "mags": [
        24.950652652117434,
        22.800542716585007,
        21.90625189602462,
        21.04827022566932,
        20.575940272899384,
        20.41294135360412,
        20.82054913043976,
        20.872999999999998,
        18.738
    ],
    "mags_unc": [
        0.05,
        0.37,
        0.08,
        0.05,
        0.06,
        0.19,
        0.1985786967381563,
        0.05,
        0.05
    ],
    "filternames": [
        "galex_NUV",
        "sdss_u0",
        "sdss_g0",
        "sdss_r0",
        "sdss_i0",
        "sdss_z0",
        "wise_w1",
        "wise_w2",
        "wise_w3"
    ],
    "photmask": [
        true,
        true,
        true,
        true,
        true,
        true,
        false,
        false,
        false
    ]
}