{
    "maggies": [
        0.0,
        7.58848135654499e-10,
        1.5265032811523736e-09,
        5.906400570509204e-09,
        1.3210392176421875e-08,
        1.7251492401192333e-08,
        2.565040754471522e-08,
        1.912493641844208e-08,
        1.4308694127493417e-08,
        0.0
    ],
    "maggies_unc": [
        4.0437325241660813e-10,
        3.8873270221837887e-10,
        3.796095995554991e-10,
        2.7199979813812044e-10,
        6.083610419606836e-10,
        7.944605846977104e-10,
        1.6537428891671317e-09,
        9.459103244135878e-09,
        1.8582099990172269e-09,
        4.086674089890346e-08
    ],
    "mags": [
        21.735618936353447,
        22.799612821283397,
        22.040755644668067,
        20.571692756590878,
        19.69771072327485,
        19.407933321974316,
        18.977264325599236,
        19.296,
        19.610999999999997,
        17.719
    ],
    "mags_unc": [
        0.05,
        0.5561866056479552,
        0.27,
        0.05,
        0.05,
        0.05,
        0.07,
        0.537,
        0.141,
        0.05
    ],
    "filternames": [
        "galex_FUV",
        "galex_NUV",
        "sdss_u0",
        "sdss_g0",
        "sdss_r0",
        "sdss_i0",
        "sdss_z0",
        "wise_w1",
        "wise_w2",
        "wise_w3"
    ],
    "photmask": [
        true,
        true,
        true,
        true,
        true,
        true,
        true,
        false,
        false,
        false
    ]
}