{
    "maggies": [
        1.4935825214119346e-09,
        2.4628150163883625e-09,
        1.5056646111329554e-08,
        6.884521468772154e-08,
        1.4056094696657675e-07,
        1.9410186228408903e-07,
        2.53821969002795e-07,
        1.4164459272385114e-07,
        8.838936217394057e-08,
        1.1945380829338873e-07
    ],
    "maggies_unc": [
        5.854863665592848e-10,
        5.925014786953973e-10,
        6.93384177728684e-10,
        3.1704393012784468e-09,
        6.4730708228473254e-09,
        8.938721092354532e-09,
        1.1688933642004652e-08,
        6.522974554183051e-09,
        4.070480554419347e-09,
        2.255430977877348e-08
    ],
    "mags": [
        22.06442694335641,
        21.52142051768076,
        19.555679392642002,
        17.905315603548228,
        17.130338314094697,
        16.779925744529816,
        16.48867697802474,
        17.122,
        17.634,
        17.307
    ],
    "mags_unc": [
        0.4256100593389185,
        0.2612052884652698,
        0.05,
        0.05,
        0.05,
        0.05,
        0.05,
        0.05,
        0.05,
        0.205
    ],
    "filternames": [
        "galex_FUV",
        "galex_NUV",
        "sdss_u0",
        "sdss_g0",
        "sdss_r0",
        "sdss_i0",
        "sdss_z0",
        "wise_w1",
        "wise_w2",
        "wise_w3"
    ],
    "photmask": [
        true,
        true,
        true,
        true,
        true,
        true,
        true,
        false,
        false,
        false
    ]
}