{
    "maggies": [
        0.0,
        7.075968841078251e-10,
        7.4354954729777084e-09,
        3.424386944294515e-08,
        6.106407123382562e-08,
        7.684554866613838e-08,
        9.08163386219637e-08,
        6.137620051647934e-08,
        3.908408957924017e-08,
        0.0
    ],
    "maggies_unc": [
        1.0669750563060706e-09,
        6.029038782096805e-10,
        5.478675531233019e-10,
        1.5769884661151967e-09,
        2.812104402810668e-09,
        3.5388682964319743e-09,
        4.1822469502246606e-09,
        2.8264784874771757e-09,
        2.6278377075213486e-09,
        4.0904397897287344e-08
    ],
    "mags": [
        20.68218932259329,
        22.87553522041821,
        20.321725216136652,
        18.663542918488133,
        18.035535610008136,
        17.7859532106423,
        17.60459002806326,
        18.03,
        18.52,
        17.718
    ],
    "mags_unc": [
        0.05,
        0.9250953237120072,
        0.08,
        0.05,
        0.05,
        0.05,
        0.05,
        0.05,
        0.073,
        0.05
    ],
    "filternames": [
        "galex_FUV",
        "galex_NUV",
        "sdss_u0",
        "sdss_g0",
        "sdss_r0",
        "sdss_i0",
        "sdss_z0",
        "wise_w1",
        "wise_w2",
        "wise_w3"
    ],
    "photmask": [
        true,
        true,
        true,
        true,
        true,
        true,
        true,
        false,
        false,
        false
    ]
}