{
    "maggies": [
        7.628308938507631e-10,
        9.254531693138668e-10,
        8.960608878812306e-10,
        4.811517819606072e-09,
        1.586604830725496e-08,
        2.3531692559964415e-08,
        3.247928343443214e-08,
        3.185664236573117e-08,
        2.8628592708721186e-08,
        0.0
    ],
    "maggies_unc": [
        2.1247136069057747e-10,
        2.116270298120934e-10,
        3.961452370272635e-10,
        2.2157858412200313e-10,
        7.306585263401738e-10,
        1.0836744900298591e-09,
        1.7948715328140455e-09,
        1.8484862715692142e-09,
        3.2959885402249716e-09,
        8.169020846503416e-08
    ],
    "mags": [
        22.79392931699763,
        22.584113882372648,
        22.61915619690385,
        20.794294753609375,
        19.49882806938555,
        19.07086708569184,
        18.720983902079688,
        18.741999999999997,
        18.858,
        16.967
    ],
    "mags_unc": [
        0.30241020734159463,
        0.24827958430654107,
        0.48,
        0.05,
        0.05,
        0.05,
        0.06,
        0.063,
        0.125,
        0.05
    ],
    "filternames": [
        "galex_FUV",
        "galex_NUV",
        "sdss_u0",
        "sdss_g0",
        "sdss_r0",
        "sdss_i0",
        "sdss_z0",
        "wise_w1",
        "wise_w2",
        "wise_w3"
    ],
    "photmask": [
        true,
        true,
        true,
        true,
        true,
        true,
        true,
        false,
        false,
        false
    ]
}