{
    "maggies": [
        0.0,
        1.5594855243250247e-09,
        8.31840402362803e-09,
        2.042392569184942e-08,
        2.9364362741861218e-08,
        3.926928903480688e-08,
        3.238918349968779e-08,
        2.1478304741305375e-08,
        0.0
    ],
    "maggies_unc": [
        1.3176474451838253e-11,
        1.1248647733826302e-10,
        3.8307666204615185e-10,
        9.405565367694116e-10,
        1.3522788782935882e-09,
        1.8084175908804174e-09,
        1.9390501286163756e-09,
        4.6290464363625855e-09,
        4.890688521614922e-08
    ],
    "mags": [
        25.45307692841085,
        22.017546630393,
        20.199899974603422,
        19.22465194572476,
        18.830448549175518,
        18.51486740375388,
        18.723999999999997,
        19.169999999999998,
        17.524
    ],
    "mags_unc": [
        0.05,
        0.0783147,
        0.05,
        0.05,
        0.05,
        0.05,
        0.065,
        0.234,
        0.05
    ],
    "filternames": [
        "galex_FUV",
        "sdss_u0",
        "sdss_g0",
        "sdss_r0",
        "sdss_i0",
        "sdss_z0",
        "wise_w1",
        "wise_w2",
        "wise_w3"
    ],
    "photmask": [
        true,
        true,
        true,
        true,
        true,
        true,
        false,
        false,
        false
    ]
}