{
    "galex_FUV": [
        40.70606406132191,
        22.21077322054935,
        11.493789467157761
    ],
    "galex_NUV": [
        1147.2555777541086,
        145.17024232956032,
        121.4552954538085
    ],
    "sdss_u0": [
        21604.38703582876,
        1054.327488709383,
        2382.28044575443
    ],
    "sdss_g0": [
        101918.03450515018,
        3092.6773856794025,
        2396.3776770065742
    ],
    "sdss_r0": [
        217164.6352626373,
        5398.146482382144,
        4173.503750426666
    ],
    "sdss_i0": [
        297193.41906494583,
        5801.888829563803,
        8115.820243427996
    ],
    "sdss_z0": [
        410932.0421687496,
        10085.272285033774,
        10651.165846187389
    ],
    "wise_w1": [
        404402.5718664195,
        84589.84999977692,
        30709.633143660438
    ],
    "wise_w2": [
        269796.37278709584,
        59109.61597566784,
        28763.53870514757
    ],
    "wise_w3": [
        333527.42922434665,
        329511.8856572722,
        116438.6491417991
    ],
    "uvot_b": [
        31.034909553272065,
        0.9040689522974397,
        0.6614570553154095
    ],
    "uvot_u": [
        8.317810607243171,
        0.4501045914925772,
        0.6676410870228606
    ],
    "uvot_m2": [
        0.47866449743721834,
        0.06778424195640248,
        0.0216219654700065
    ],
    "uvot_w1": [
        1.7456794602854189,
        0.09280066548235522,
        0.13831700893435728
    ],
    "uvot_w2": [
        0.4451441571043382,
        0.04896945096802319,
        0.016624694995831912
    ],
    "uvot_v": [
        56.38943639587304,
        1.6712620768681958,
        0.8677115224290262
    ],
    "u_r": [
        2.49655416401441,
        0.14566588677899617,
        0.03734410319466175
    ]
}