{
    "ps_g": [
        28962.826789251387,
        2262.5086109532203,
        883.7512163275278
    ],
    "ps_r": [
        52571.14564515998,
        1122.1454210319644,
        787.9151001026912
    ],
    "ps_i": [
        70985.42872865188,
        1315.23395677995,
        1724.1789681499213
    ],
    "ps_z": [
        85728.34238135662,
        1964.4161090241105,
        2218.193264663554
    ],
    "ps_y": [
        93228.6726533952,
        3184.120827524661,
        2419.8404674155463
    ],
    "wise_w1": [
        56365.38781361969,
        5782.897830643713,
        2873.2965616379224
    ],
    "wise_w2": [
        32066.86936114853,
        3313.502931914649,
        1668.751337062542
    ],
    "wise_w3": [
        57335.129577678825,
        38758.36592560735,
        30925.641634103205
    ],
    "galex_FUV": [
        0.0077666262095003455,
        0.1461375327281487,
        0.0026023599107605757
    ],
    "galex_NUV": [
        0.2881700829480678,
        0.14938652650888667,
        0.06661158980824863
    ],
    "sdss_g0": [
        9.675146427637083,
        0.6390809342525774,
        0.26051604736574063
    ],
    "sdss_i0": [
        22.161569503679832,
        0.3957741842452407,
        0.5885853833230357
    ],
    "sdss_r0": [
        16.937736761337707,
        0.29181655162335574,
        0.3233785640460951
    ],
    "sdss_u0": [
        2.7374943297723564,
        0.21370338375455988,
        0.13422921489277773
    ],
    "sdss_z0": [
        25.997162169126007,
        0.9094187372769653,
        0.6717863835914528
    ],
    "uvot_b": [
        7.826126546819985,
        0.6485758225161682,
        0.23674206865945813
    ],
    "uvot_u": [
        2.436784514824346,
        0.19844017194187202,
        0.10592506338057861
    ],
    "uvot_m2": [
        0.2508988503924583,
        0.15640870201420293,
        0.0631020075205811
    ],
    "uvot_w1": [
        0.6292773181637671,
        0.11785460626530542,
        0.09096985574457439
    ],
    "uvot_w2": [
        0.20063946171379757,
        0.15411875278520112,
        0.04682053329199656
    ],
    "uvot_v": [
        13.671642257397503,
        0.343336886056953,
        0.2050707333962727
    ],
    "u_r": [
        1.971547403852398,
        0.06758811240349516,
        0.06452853540496228
    ]
}