{
    "galex_FUV": [
        6.63105138566763e+17,
        2.973438859920647e+18,
        5.160836183550889e+17
    ],
    "galex_FUV.0": [
        6.63105138566763e+17,
        2.973438859920647e+18,
        5.160836183550889e+17
    ],
    "galex_NUV": [
        2.667961266012412e+18,
        1.9066607898249533e+18,
        6.221846808796948e+17
    ],
    "galex_NUV.0": [
        2.667961266012412e+18,
        1.864748977987626e+18,
        6.129166641222026e+17
    ],
    "sdss_u0": [
        1.4007173885728082e+19,
        5.5591661999672115e+17,
        6.22315803664511e+17
    ],
    "sdss_u0.0": [
        1.3875431457055812e+19,
        6.1942291307076e+17,
        4.9057337499224064e+17
    ],
    "sdss_g0": [
        4.7401681233880105e+19,
        1.629067958740222e+18,
        1.96438707983659e+18
    ],
    "sdss_g0.0": [
        4.708934343829046e+19,
        1.9137675609284608e+18,
        1.7559993781523743e+18
    ],
    "sdss_r0": [
        7.456122006617083e+19,
        1.9870324263176274e+18,
        1.868071906279301e+18
    ],
    "sdss_r0.0": [
        7.452981130760834e+19,
        1.9035895461807555e+18,
        1.8366631477168128e+18
    ],
    "sdss_i0": [
        9.556347311068029e+19,
        2.2637097849315492e+18,
        1.7485272060273132e+18
    ],
    "sdss_i0.0": [
        9.56988129671727e+19,
        2.145330196334166e+18,
        2.0720318729226813e+18
    ],
    "sdss_z0": [
        1.1233381312523847e+20,
        1.0133298204530508e+19,
        3.286519613127885e+18
    ],
    "sdss_z0.0": [
        1.1262889495391973e+20,
        9.838216375849255e+18,
        3.8249592291740877e+18
    ],
    "wise_w1": [
        6.462280291322577e+19,
        6.816114259640705e+18,
        1.0645218777538142e+19
    ],
    "wise_w1.0": [
        6.462280291322577e+19,
        7.522445574778855e+18,
        1.1098307597280879e+19
    ],
    "wise_w2": [
        3.497666858075532e+19,
        3.9269603897640755e+18,
        6.745792564954862e+18
    ],
    "wise_w2.0": [
        3.497666858075532e+19,
        4.701831379649565e+18,
        6.745792564954862e+18
    ],
    "wise_w3": [
        6.154973537352017e+19,
        6.760805998327399e+19,
        4.302065735095759e+19
    ],
    "wise_w3.0": [
        6.479984370242882e+19,
        6.710553743087019e+19,
        4.218047531939789e+19
    ],
    "uvot_b": [
        1.1055352266847876e+16,
        292104676161778.0,
        690503682562370.0
    ],
    "uvot_b.0": [
        1.0984847712099256e+16,
        362609230910398.0,
        632970559566708.0
    ],
    "uvot_u": [
        3488838103348116.0,
        212577586286746.5,
        180464482459754.5
    ],
    "uvot_u.0": [
        3469027370641765.0,
        199110838612088.5,
        160653749753403.5
    ],
    "uvot_m2": [
        689228248043868.8,
        534408885291803.0,
        174039119573010.5
    ],
    "uvot_m2.0": [
        689228248043868.8,
        519538177536742.5,
        174039119573010.5
    ],
    "uvot_w1": [
        1184709562055305.0,
        491117592179494.75,
        164489123506996.38
    ],
    "uvot_w1.0": [
        1184709562055305.0,
        481744526394852.25,
        164489123506996.38
    ],
    "uvot_w2": [
        598624912995219.1,
        589958559715258.4,
        188904918026642.38
    ],
    "uvot_w2.0": [
        598624912995219.1,
        589958559715258.4,
        179871184661004.8
    ],
    "uvot_v": [
        1.7241741218553804e+16,
        712362356097468.0,
        451230625907832.0
    ],
    "uvot_v.0": [
        1.7241741218553804e+16,
        631126720520520.0,
        457069812596042.0
    ],
    "u_r": [
        1.8275890435981497,
        0.062157670587802416,
        0.06162881582758217
    ],
    "u_r.0": [
        1.8368690958281488,
        0.05287761835780325,
        0.06591964913177062
    ]
}