{
    "galex_FUV": [
        65.73902619254766,
        347.86753954247524,
        44.41549953301029
    ],
    "galex_NUV": [
        1428.4047997285816,
        155.826150237594,
        203.22267186318322
    ],
    "sdss_u0": [
        10390.253164720252,
        402.3797203566173,
        368.8425046079574
    ],
    "sdss_g0": [
        42488.53110937106,
        1402.6219291279413,
        1173.458073060865
    ],
    "sdss_r0": [
        83185.68105381093,
        1729.7857523036946,
        2122.5251030851505
    ],
    "sdss_i0": [
        108632.13006599902,
        2248.2881308729848,
        2917.2775162094913
    ],
    "sdss_z0": [
        133299.85190753132,
        7263.122620134323,
        3576.2633922009263
    ],
    "wise_w1": [
        87916.42918328148,
        11127.313806964099,
        9044.14873951074
    ],
    "wise_w2": [
        50502.410436410355,
        7730.739408694615,
        5170.740184543996
    ],
    "wise_w3": [
        56468.07138647087,
        39836.02791348925,
        14779.421391741176
    ],
    "uvot_b": [
        8.28250164811363,
        0.4426075962437821,
        0.3615507909293143
    ],
    "uvot_u": [
        2.5233608597605373,
        0.08919386872025203,
        0.09936500903652634
    ],
    "uvot_m2": [
        0.3665450793450683,
        0.049415570834677236,
        0.05680456024455932
    ],
    "uvot_w1": [
        0.7080118323557186,
        0.04722682664502986,
        0.036519659020220696
    ],
    "uvot_w2": [
        0.25489668359311735,
        0.06964184351629943,
        0.043174662646660034
    ],
    "uvot_v": [
        18.284523268060106,
        0.41512320203155184,
        0.43594702360505977
    ],
    "u_r": [
        2.267369823485647,
        0.01905379062972834,
        0.04522540472677061
    ]
}