{
    "galex_FUV": [
        52.00234644241051,
        528.4713277060539,
        38.60317861954088
    ],
    "galex_NUV": [
        869.211730779957,
        580.9581880823494,
        231.16750622360087
    ],
    "ps_g": [
        34119.768173381744,
        2378.654749723719,
        769.9245034187479
    ],
    "ps_r": [
        63250.025192531626,
        1683.3824664252243,
        1493.0432847558259
    ],
    "ps_i": [
        86659.36206949453,
        1740.6888648578024,
        2491.6200175297854
    ],
    "ps_z": [
        106303.77371231667,
        1923.092108890516,
        2656.636969539715
    ],
    "ps_y": [
        116786.49678627435,
        2355.835913634888,
        3236.483929294045
    ],
    "wise_w1": [
        76196.70978696876,
        9204.87845479029,
        4972.777861876384
    ],
    "wise_w2": [
        43454.150084090485,
        5041.692749570844,
        2599.490604520077
    ],
    "wise_w3": [
        124536.58844087174,
        34882.73890909678,
        45096.921241815275
    ],
    "sdss_g0": [
        11.480474780676872,
        0.6218366695427893,
        0.25594720776356006
    ],
    "sdss_i0": [
        27.347917049392414,
        0.46707463168606367,
        0.6735163665272523
    ],
    "sdss_r0": [
        20.36912213536328,
        0.5889450569368364,
        0.3963155123611166
    ],
    "sdss_u0": [
        3.134379943527663,
        0.21416694894029709,
        0.22066384156341812
    ],
    "sdss_z0": [
        32.650279656313124,
        0.6983666411516936,
        0.9155263509935025
    ],
    "uvot_b": [
        9.21514013287444,
        0.7067752080665102,
        0.20163556564134133
    ],
    "uvot_u": [
        2.786303645722989,
        0.219230478387626,
        0.20241945436438602
    ],
    "uvot_m2": [
        0.32159217961558567,
        0.18133171368373918,
        0.06952940583914147
    ],
    "uvot_w1": [
        0.7494829166081456,
        0.179825434821833,
        0.08069159930903902
    ],
    "uvot_w2": [
        0.2654752643035022,
        0.16014801597596456,
        0.059043311373190605
    ],
    "uvot_v": [
        16.41522081817094,
        0.43288440881872603,
        0.3829871052560705
    ],
    "u_r": [
        2.031128641517544,
        0.07624475417478127,
        0.07341226927182998
    ]
}