{
    "galex_FUV": [
        2.0184976933653667e+17,
        1.2043385449672643e+17,
        6.681929606216248e+16
    ],
    "galex_FUV.0": [
        1.8083092475871187e+17,
        1.4145269907455123e+17,
        4.693292301600438e+16
    ],
    "galex_NUV": [
        6.404916972387689e+18,
        5.4687704183299584e+17,
        6.75700027032277e+17
    ],
    "galex_NUV.0": [
        6.404916972387689e+18,
        6.26451524853032e+17,
        6.75700027032277e+17
    ],
    "sdss_u0": [
        6.294291949721316e+19,
        3.421903743467725e+18,
        2.6621582551865016e+18
    ],
    "sdss_u0.0": [
        6.336746645764885e+19,
        3.447817624808022e+18,
        3.086705215622193e+18
    ],
    "sdss_g0": [
        2.468418493851521e+20,
        8.903706231068754e+18,
        7.590358541539017e+18
    ],
    "sdss_g0.0": [
        2.4768056125807493e+20,
        8.816565820091859e+18,
        7.916532618897097e+18
    ],
    "sdss_r0": [
        4.511315571845173e+20,
        1.268113205035991e+19,
        8.853254523469234e+18
    ],
    "sdss_r0.0": [
        4.4936317760868385e+20,
        1.4449511626193371e+19,
        8.597718881259946e+18
    ],
    "sdss_i0": [
        6.191580581267366e+20,
        1.7619168876509004e+19,
        2.0450870375213826e+19
    ],
    "sdss_i0.0": [
        6.152478883174652e+20,
        1.9764225588966326e+19,
        2.2162869097435365e+19
    ],
    "sdss_z0": [
        7.582931972353864e+20,
        2.4815012912305275e+19,
        3.582593726703639e+19
    ],
    "sdss_z0.0": [
        7.565676589485468e+20,
        2.322384418607189e+19,
        5.0137061354762535e+19
    ],
    "wise_w1": [
        4.732011765980324e+20,
        5.39123916972359e+19,
        4.4761807312550494e+19
    ],
    "wise_w1.0": [
        4.609913603602345e+20,
        6.6122207935033836e+19,
        4.128977205587201e+19
    ],
    "wise_w2": [
        2.620461533916977e+20,
        4.229295776531939e+19,
        2.516940626675699e+19
    ],
    "wise_w2.0": [
        2.6083023990185375e+20,
        4.001445223387693e+19,
        2.918244791782179e+19
    ],
    "wise_w3": [
        1.0340836855630105e+21,
        3.5975100081827624e+20,
        4.3288983369418264e+20
    ],
    "wise_w3.0": [
        9.470850533417094e+20,
        3.952347409555949e+20,
        4.016299425005623e+20
    ],
    "uvot_b": [
        5.432721594113753e+16,
        2218476813371576.0,
        1696867731179448.0
    ],
    "uvot_b.0": [
        5.437097262791999e+16,
        2281119182727080.0,
        1701859488592192.0
    ],
    "uvot_u": [
        1.5308702414202454e+16,
        869339222414620.0,
        790572100513966.0
    ],
    "uvot_u.0": [
        1.5331377519472938e+16,
        930194891047278.0,
        813247205784450.0
    ],
    "uvot_m2": [
        1542652084862865.2,
        138193478557776.5,
        190835565351247.5
    ],
    "uvot_m2.0": [
        1542652084862865.2,
        150446266917757.75,
        190835565351247.5
    ],
    "uvot_w1": [
        3906649481738637.5,
        249366929803536.0,
        194861174345233.0
    ],
    "uvot_w1.0": [
        3906649481738637.5,
        299449394794305.5,
        194861174345233.0
    ],
    "uvot_w2": [
        1267432623333986.2,
        106924862378165.0,
        156783088113221.25
    ],
    "uvot_w2.0": [
        1267848646936479.0,
        107433492761892.75,
        157199111715714.0
    ],
    "uvot_v": [
        9.839371311660968e+16,
        2993984281325280.0,
        2655849736034912.0
    ],
    "uvot_v.0": [
        9.839371311660968e+16,
        2993984281325280.0,
        2671720908667072.0
    ],
    "u_r": [
        2.127871840841798,
        0.060374798757383275,
        0.043998864319998
    ],
    "u_r.0": [
        2.1252830006825643,
        0.05717261434849341,
        0.04548603495359815
    ]
}