{
    "galex_FUV": [
        2.1549761617795222e+17,
        2.15148515229897e+17,
        4.400192686055872e+16
    ],
    "galex_FUV.0": [
        2.1553642604203168e+17,
        1.5966734251433152e+17,
        4.406607905913347e+16
    ],
    "galex_NUV": [
        5.553871157660067e+18,
        2.419068337500027e+17,
        1.8722028727184896e+17
    ],
    "galex_NUV.0": [
        5.566940682116385e+18,
        2.3887801630751027e+17,
        2.1564362877941248e+17
    ],
    "sdss_u0": [
        4.622190935605033e+19,
        1.3159609586771804e+18,
        1.8706234555705836e+18
    ],
    "sdss_u0.0": [
        4.621556623768863e+19,
        1.2644745508891607e+18,
        1.8483361745591583e+18
    ],
    "sdss_g0": [
        1.5517210422439002e+20,
        3.043569733315199e+18,
        2.4932830359887544e+18
    ],
    "sdss_g0.0": [
        1.5517210422439002e+20,
        3.430760648900739e+18,
        2.4932830359887544e+18
    ],
    "sdss_r0": [
        2.5468342037319834e+20,
        3.0922378103243407e+18,
        3.8880226678543483e+18
    ],
    "sdss_r0.0": [
        2.5464279027784018e+20,
        3.2303634808468275e+18,
        3.670712430813217e+18
    ],
    "sdss_i0": [
        3.2373199278521254e+20,
        7.749975759904506e+18,
        5.275778742629368e+18
    ],
    "sdss_i0.0": [
        3.236780166834411e+20,
        7.874720224844448e+18,
        4.89082383801942e+18
    ],
    "sdss_z0": [
        3.709547785625342e+20,
        1.1993801830396002e+19,
        7.445433095516717e+18
    ],
    "sdss_z0.0": [
        3.704663715259898e+20,
        1.264798521564201e+19,
        6.715789376915636e+18
    ],
    "wise_w1": [
        1.7626742845826584e+20,
        1.5016417724918956e+19,
        9.390353633512325e+18
    ],
    "wise_w1.0": [
        1.7626742845826584e+20,
        1.4771562047187354e+19,
        9.390353633512325e+18
    ],
    "wise_w2": [
        9.612124621987575e+19,
        9.627012474723811e+18,
        4.818477451747246e+18
    ],
    "wise_w2.0": [
        9.610746895278603e+19,
        1.0020962078156505e+19,
        4.605649804645548e+18
    ],
    "wise_w3": [
        2.1105408409848857e+20,
        6.400770048992595e+19,
        4.7851566881487815e+19
    ],
    "wise_w3.0": [
        2.1105408409848857e+20,
        6.400770048992595e+19,
        4.7851566881487815e+19
    ],
    "uvot_b": [
        3.5349598909907004e+16,
        879349111603532.0,
        587811386673144.0
    ],
    "uvot_b.0": [
        3.5378244917417428e+16,
        920452138185164.0,
        596082464851044.0
    ],
    "uvot_u": [
        1.1272767100814258e+16,
        329524206696172.0,
        449559834743574.0
    ],
    "uvot_u.0": [
        1.1272767100814258e+16,
        329524206696172.0,
        436302930786328.0
    ],
    "uvot_m2": [
        1354019985605501.2,
        66274912555499.25,
        49487054223271.5
    ],
    "uvot_m2.0": [
        1353179577243056.2,
        68429938925600.25,
        54222372727081.5
    ],
    "uvot_w1": [
        3080856649167695.0,
        100213268167259.0,
        80272712168066.5
    ],
    "uvot_w1.0": [
        3080856649167695.0,
        100886520766299.5,
        74393756895701.5
    ],
    "uvot_w2": [
        1077283391635359.8,
        53587429188455.0,
        48162294146544.0
    ],
    "uvot_w2.0": [
        1080044157046428.1,
        58833541638660.375,
        50923059557612.375
    ],
    "uvot_v": [
        5.825546438128373e+16,
        826063040963480.0,
        859605774810536.0
    ],
    "uvot_v.0": [
        5.8255999080123816e+16,
        879271620735984.0,
        843805388989104.0
    ],
    "u_r": [
        1.8544593716107072,
        0.04162672858065397,
        0.03431434438497427
    ],
    "u_r.0": [
        1.8544593716107072,
        0.04162672858065397,
        0.035423875749183154
    ]
}