{
    "galex_FUV": [
        138.02569899491684,
        551.1457986274465,
        102.16753433810766
    ],
    "galex_NUV": [
        420.02900217196725,
        807.0498166745892,
        151.4832983875338
    ],
    "sdss_u0": [
        5670.685172967746,
        412.3404604438838,
        607.7474480785404
    ],
    "sdss_g0": [
        29580.265590917355,
        1117.425718216684,
        1003.0227434053995
    ],
    "sdss_r0": [
        91604.05707633348,
        3510.252733278685,
        1678.4162359423208
    ],
    "sdss_i0": [
        142895.58977855445,
        3469.30928198318,
        3813.3380276409152
    ],
    "sdss_z0": [
        197628.0003996956,
        5807.1399201428285,
        5162.3797967225255
    ],
    "wise_w1": [
        229479.0866065547,
        67537.29676368745,
        25885.07274764293
    ],
    "wise_w2": [
        153924.27213549986,
        72932.50441353317,
        20962.37160791413
    ],
    "wise_w3": [
        249113.9732932461,
        114648.60505890436,
        118390.48434560288
    ],
    "uvot_b": [
        4.952486289217822,
        0.24117896037663478,
        0.2333304903919462
    ],
    "uvot_u": [
        1.3248384454202735,
        0.09530509834470124,
        0.17192981939979535
    ],
    "uvot_m2": [
        0.08974699480572569,
        0.22555031368731532,
        0.0412985946981988
    ],
    "uvot_w1": [
        0.29200769307470376,
        0.19319025383196708,
        0.06880923109914927
    ],
    "uvot_w2": [
        0.0915313002765997,
        0.20067155117888988,
        0.03555454656007938
    ],
    "uvot_v": [
        17.328664695297366,
        0.7345773704070098,
        0.29198452316315837
    ],
    "u_r": [
        3.0309740197374264,
        0.091417717556316,
        0.07437244317363456
    ]
}