{
    "galex_FUV": [
        6.414349958815181e+16,
        2.449859988137648e+16,
        7890674576232536.0
    ],
    "galex_FUV.0": [
        6.407573054766483e+16,
        2.4566368921863456e+16,
        1.0134645276523024e+16
    ],
    "galex_NUV": [
        1.4729047799974316e+18,
        2.7317796485258342e+17,
        2.7170337665976883e+17
    ],
    "galex_NUV.0": [
        1.4733692817042872e+18,
        2.6973885388084454e+17,
        2.721678783666245e+17
    ],
    "sdss_u0": [
        2.948944170177634e+19,
        1.2407452592926024e+18,
        1.3592748338762138e+18
    ],
    "sdss_u0.0": [
        2.9533559584211313e+19,
        1.2399140334489846e+18,
        1.4033927163111875e+18
    ],
    "sdss_g0": [
        1.2648405564147086e+20,
        2.5463960639311217e+18,
        2.1026664378244137e+18
    ],
    "sdss_g0.0": [
        1.2654407504449746e+20,
        2.486376660904526e+18,
        2.1438064353839514e+18
    ],
    "sdss_r0": [
        2.3969388240724463e+20,
        5.665743920104964e+18,
        4.4368489670488556e+18
    ],
    "sdss_r0.0": [
        2.398108358333472e+20,
        5.548790494002381e+18,
        4.553802393151439e+18
    ],
    "sdss_i0": [
        3.310452474104308e+20,
        6.360597546440524e+18,
        5.489589907179962e+18
    ],
    "sdss_i0.0": [
        3.3102368743628105e+20,
        6.382157520590275e+18,
        5.468029933030212e+18
    ],
    "sdss_z0": [
        4.2796071774959396e+20,
        1.734383498987366e+19,
        9.865958761429533e+18
    ],
    "sdss_z0.0": [
        4.2895875042228044e+20,
        1.6444548306793464e+19,
        1.0863991434116006e+19
    ],
    "wise_w1": [
        2.5381595950172475e+20,
        5.016465019971394e+19,
        1.1513271951518368e+19
    ],
    "wise_w1.0": [
        2.5381595950172475e+20,
        5.016465019971394e+19,
        1.1575662983985857e+19
    ],
    "wise_w2": [
        1.3893975356399115e+20,
        3.87350954147568e+19,
        6.931934326394831e+18
    ],
    "wise_w2.0": [
        1.3893975356399115e+20,
        3.87350954147568e+19,
        6.845912010132931e+18
    ],
    "wise_w3": [
        8.964410708184921e+19,
        2.7078190097481056e+19,
        3.837854898400407e+19
    ],
    "wise_w3.0": [
        8.964410708184921e+19,
        3.2753660117070545e+19,
        3.853487077850845e+19
    ],
    "uvot_b": [
        2.699098634414953e+16,
        682801809535000.0,
        672231858443356.0
    ],
    "uvot_b.0": [
        2.701380002798894e+16,
        667096213535932.0,
        633851252288832.0
    ],
    "uvot_u": [
        7175850418038466.0,
        308490871515720.0,
        341718293007536.0
    ],
    "uvot_u.0": [
        7190302192214111.0,
        293242935888290.0,
        356170067183181.0
    ],
    "uvot_m2": [
        319489511671645.1,
        68821919852417.625,
        67799853301829.53
    ],
    "uvot_m2.0": [
        319469836099045.4,
        68066381276476.56,
        67780177729229.78
    ],
    "uvot_w1": [
        1392768491485927.8,
        136595128554191.0,
        96893572800993.0
    ],
    "uvot_w1.0": [
        1408590843334007.8,
        120772776706111.0,
        112715924649073.0
    ],
    "uvot_w2": [
        323381822836206.56,
        46962893385570.19,
        30700868000331.188
    ],
    "uvot_w2.0": [
        323381822836206.56,
        46313579142384.94,
        30336526732611.438
    ],
    "uvot_v": [
        5.244510322889853e+16,
        910889271650704.0,
        817975593392736.0
    ],
    "uvot_v.0": [
        5.246770608235999e+16,
        888286418189240.0,
        837285967495352.0
    ],
    "u_r": [
        2.2765564073103244,
        0.0362538319656327,
        0.025138971499361507
    ],
    "u_r.0": [
        2.2741494805064333,
        0.03858511181141511,
        0.024376111330791428
    ]
}