{
    "galex_FUV": [
        2.427243171512615e+18,
        7.514389991916692e+17,
        7.309388394251116e+17
    ],
    "galex_FUV.0": [
        2.4238143985873065e+18,
        7.548677721169777e+17,
        7.275100664998031e+17
    ],
    "galex_NUV": [
        1.7746628476887974e+19,
        6.9201761202577e+17,
        9.655471379397161e+17
    ],
    "galex_NUV.0": [
        1.7761491212094534e+19,
        6.771548768192102e+17,
        8.972157080773898e+17
    ],
    "sdss_u0": [
        1.1373341126776771e+20,
        2.602216207502328e+18,
        3.3687752951317627e+18
    ],
    "sdss_u0.0": [
        1.1373341126776771e+20,
        2.602216207502328e+18,
        3.19040905273788e+18
    ],
    "sdss_g0": [
        3.98480921227733e+20,
        9.863880346028278e+18,
        7.055938414900085e+18
    ],
    "sdss_g0.0": [
        3.985399088830023e+20,
        9.704393645025591e+18,
        7.114926070169403e+18
    ],
    "sdss_r0": [
        5.965941253392417e+20,
        9.25841957839831e+18,
        1.3973684684884345e+19
    ],
    "sdss_r0.0": [
        5.96474788172557e+20,
        1.0550203489812087e+19,
        1.385434751819966e+19
    ],
    "sdss_i0": [
        7.341727983257715e+20,
        2.277914118111612e+19,
        2.677137908304013e+19
    ],
    "sdss_i0.0": [
        7.341727983257715e+20,
        2.4945943403085038e+19,
        2.677137908304013e+19
    ],
    "sdss_z0": [
        8.646996824294195e+20,
        2.7088771880104755e+19,
        3.553228328170527e+19
    ],
    "sdss_z0.0": [
        8.684070576979986e+20,
        2.338139661152564e+19,
        3.923965855028439e+19
    ],
    "wise_w1": [
        4.948713852307662e+20,
        5.130268911980085e+19,
        2.9725663962905838e+19
    ],
    "wise_w1.0": [
        4.925346405946158e+20,
        5.3639433755951235e+19,
        2.6984333462808166e+19
    ],
    "wise_w2": [
        2.6619330483193925e+20,
        3.8830893368691786e+19,
        2.1328851554902213e+19
    ],
    "wise_w2.0": [
        2.6018047628506507e+20,
        4.2118176979191824e+19,
        1.4742526272567247e+19
    ],
    "wise_w3": [
        2.386248806954536e+20,
        3.037010221901402e+20,
        9.535186349589517e+19
    ],
    "wise_w3.0": [
        2.243051325226467e+20,
        2.937415869663161e+20,
        7.826353118522753e+19
    ],
    "uvot_b": [
        9.321593544453283e+16,
        3311501305261280.0,
        1848472788166304.0
    ],
    "uvot_b.0": [
        9.321593544453283e+16,
        3214500330989456.0,
        2010297095306000.0
    ],
    "uvot_u": [
        2.824673482608511e+16,
        530187498963828.0,
        861986255554180.0
    ],
    "uvot_u.0": [
        2.8238673505804984e+16,
        538248819243956.0,
        781399294407416.0
    ],
    "uvot_m2": [
        4560185028490249.0,
        154433813039948.0,
        237632524675339.5
    ],
    "uvot_m2.0": [
        4566802642131276.0,
        177537766376030.0,
        228570735576301.5
    ],
    "uvot_w1": [
        8631839556231574.0,
        176211804509001.0,
        316750355121174.0
    ],
    "uvot_w1.0": [
        8647428493905675.0,
        116651585600543.0,
        330721513060527.0
    ],
    "uvot_w2": [
        3842113543705982.5,
        150579563630759.5,
        186109685753390.5
    ],
    "uvot_w2.0": [
        3841008097195155.5,
        151685010141586.5,
        185004239242563.5
    ],
    "uvot_v": [
        1.4234003616225354e+17,
        1848800408198432.0,
        2520275551923952.0
    ],
    "uvot_v.0": [
        1.4227859075302245e+17,
        1721467433464480.0,
        2409404968963136.0
    ],
    "u_r": [
        1.8108617997431284,
        0.01494978061173402,
        0.03843155499487594
    ],
    "u_r.0": [
        1.81099857653004,
        0.017652116916977434,
        0.03837824305530746
    ]
}