{
    "galex_FUV": [
        4.990009995403748,
        2.9055341178635574,
        1.4827333711991866
    ],
    "galex_NUV": [
        341.4980253131459,
        56.999787511015825,
        58.3849488025125
    ],
    "sdss_u0": [
        3312.7142339266534,
        264.9882199647104,
        245.84627727518318
    ],
    "sdss_g0": [
        16262.684174191987,
        705.3205290523201,
        483.71225048459564
    ],
    "sdss_r0": [
        41700.38691440759,
        1294.8589855292012,
        1311.9218067261245
    ],
    "sdss_i0": [
        60821.244001328014,
        1883.0122267513507,
        1242.3406456662196
    ],
    "sdss_z0": [
        81253.10256643913,
        2290.4250696859526,
        3392.4925041374954
    ],
    "wise_w1": [
        74461.07979765799,
        6926.361811604802,
        6602.787784620072
    ],
    "wise_w2": [
        47245.09950874947,
        5531.937170052843,
        4327.152997755569
    ],
    "wise_w3": [
        127350.77158518162,
        58392.971635873255,
        48238.934085445944
    ],
    "uvot_b": [
        2.8741917505757737,
        0.15565967746328635,
        0.09849300434764352
    ],
    "uvot_u": [
        0.7934505000783727,
        0.05292890426181218,
        0.054733608379244236
    ],
    "uvot_m2": [
        0.07898099939915655,
        0.016786010884512703,
        0.015085730973512623
    ],
    "uvot_w1": [
        0.20792657553664626,
        0.016996930538328625,
        0.02241258010651348
    ],
    "uvot_w2": [
        0.053112082278516784,
        0.010191705467805429,
        0.007990206485430577
    ],
    "uvot_v": [
        8.39145222830558,
        0.33920825033788127,
        0.32707011641296724
    ],
    "u_r": [
        2.755708650734498,
        0.044659535716112586,
        0.08082291825128385
    ]
}