{
    "galex_FUV": [
        452.37056570134905,
        2357.17645323577,
        422.95076253653343
    ],
    "galex_NUV": [
        1725.8136732507048,
        1535.554869580434,
        579.8955437610041
    ],
    "sdss_u0": [
        7891.373926153315,
        735.1263970565333,
        582.417486186424
    ],
    "sdss_g0": [
        29942.599353768124,
        811.2521614080142,
        1758.3340636875837
    ],
    "sdss_r0": [
        51833.840128309384,
        1936.0299322143183,
        1006.1953164360893
    ],
    "sdss_i0": [
        66985.03898089619,
        1200.346041674551,
        1903.037322283235
    ],
    "sdss_z0": [
        82182.69968677498,
        5035.262717288264,
        2412.942398860818
    ],
    "wise_w1": [
        56141.96515241753,
        5735.313949658608,
        9216.347672791038
    ],
    "wise_w2": [
        31455.98297046445,
        4801.242081829521,
        5154.481579555286
    ],
    "wise_w3": [
        54308.451816492976,
        50566.440509187014,
        35785.795450944046
    ],
    "uvot_b": [
        6.214235273998084,
        0.1888548253401856,
        0.47134753009146824
    ],
    "uvot_u": [
        1.9948588320149554,
        0.1628493905511963,
        0.15621092558576466
    ],
    "uvot_m2": [
        0.45933214401792744,
        0.43913136784206286,
        0.15422040789153962
    ],
    "uvot_w1": [
        0.7049736160891494,
        0.3727717507348639,
        0.14182360681813044
    ],
    "uvot_w2": [
        0.3666114572855864,
        0.49613464620031966,
        0.15122341816078017
    ],
    "uvot_v": [
        11.664298605796123,
        0.44784058476611577,
        0.3555495752364788
    ],
    "u_r": [
        2.073533705670789,
        0.08702683366708142,
        0.09236112305120292
    ]
}