{
    "galex_NUV": [
        3.1306518998787226e+18,
        2.63583812937664e+17,
        4.135767233308083e+17
    ],
    "galex_NUV.0": [
        3.1599665738591345e+18,
        2.815536080325376e+17,
        4.406125224806559e+17
    ],
    "sdss_u0": [
        2.8432980492421497e+19,
        1.8125604565781996e+18,
        1.5781995222288794e+18
    ],
    "sdss_u0.0": [
        2.836681247319665e+19,
        1.8842696887029473e+18,
        1.5085205534951424e+18
    ],
    "sdss_g0": [
        9.978573527040367e+19,
        2.861522890319184e+18,
        4.744214288334553e+18
    ],
    "sdss_g0.0": [
        9.97453314957305e+19,
        2.8655999937244037e+18,
        4.639234620279718e+18
    ],
    "sdss_r0": [
        1.692362695510996e+20,
        3.351419980749439e+18,
        4.841026110623744e+18
    ],
    "sdss_r0.0": [
        1.689403544974384e+20,
        3.574128719150645e+18,
        4.545111056962519e+18
    ],
    "sdss_i0": [
        2.178624559528757e+20,
        5.313291293347676e+18,
        4.632546947796664e+18
    ],
    "sdss_i0.0": [
        2.1764459973056545e+20,
        5.509895546219758e+18,
        5.787534278537052e+18
    ],
    "sdss_z0": [
        2.550173108003863e+20,
        6.754651271445905e+18,
        1.0130359166370284e+19
    ],
    "sdss_z0.0": [
        2.5412430951872414e+20,
        7.647652553108062e+18,
        1.040053312285583e+19
    ],
    "wise_w1": [
        1.2603515749999773e+20,
        1.5879812797764321e+19,
        1.334065224171289e+19
    ],
    "wise_w1.0": [
        1.2608229970015188e+20,
        1.5845992048639394e+19,
        1.3935019020113674e+19
    ],
    "wise_w2": [
        6.8920315065256255e+19,
        9.724824587887845e+18,
        7.259651753943548e+18
    ],
    "wise_w2.0": [
        6.881834541227998e+19,
        9.826794240864125e+18,
        7.610800609836704e+18
    ],
    "wise_w3": [
        1.383664788800032e+20,
        1.084821692304213e+20,
        7.422884509615016e+19
    ],
    "wise_w3.0": [
        1.442876354916217e+20,
        1.0256101261880279e+20,
        8.03324695251304e+19
    ],
    "galex_FUV": [
        24896056111486.117,
        9421581253079.344,
        4608972239992.488
    ],
    "galex_FUV.0": [
        25360988287296.406,
        9833556708715.172,
        4648340460848.199
    ],
    "uvot_b": [
        2.249352463859914e+16,
        710763519746976.0,
        1106846087947360.0
    ],
    "uvot_b.0": [
        2.249352463859914e+16,
        710763519746976.0,
        1025874760226708.0
    ],
    "uvot_u": [
        6920373246091858.0,
        476167921047177.0,
        409147467581043.0
    ],
    "uvot_u.0": [
        6905673458971688.0,
        490867708167347.0,
        381773885688932.0
    ],
    "uvot_m2": [
        751635322880862.0,
        77000394688307.0,
        102863980403638.88
    ],
    "uvot_m2.0": [
        763334551279785.6,
        72799721079231.12,
        114143039124115.75
    ],
    "uvot_w1": [
        1834670601198773.2,
        107636897157881.0,
        177966405199434.0
    ],
    "uvot_w1.0": [
        1836985376214902.0,
        105911327972526.75,
        174747328738027.75
    ],
    "uvot_w2": [
        596699283842267.1,
        68443408048302.0,
        77555622755952.0
    ],
    "uvot_w2.0": [
        600226345076618.0,
        67648258299883.0,
        79973685968809.38
    ],
    "uvot_v": [
        3.811378046461743e+16,
        1098449002735448.0,
        1205341165962328.0
    ],
    "uvot_v.0": [
        3.8086083080212424e+16,
        942057882249888.0,
        1174513287721064.0
    ],
    "u_r": [
        1.9376991477635657,
        0.04829922578582879,
        0.07242620413254186
    ],
    "u_r.0": [
        1.9374061337126647,
        0.05171365026099273,
        0.07639742796914839
    ]
}