{
    "galex_NUV": [
        2006.6274264449403,
        238.38339159256293,
        241.8580069577256
    ],
    "sdss_u0": [
        18799.70232067841,
        1490.3417728379936,
        1437.7791264283806
    ],
    "sdss_g0": [
        76343.41373774665,
        2282.935895980758,
        3368.2229544866277
    ],
    "sdss_r0": [
        142681.82887721664,
        3583.529506029532,
        3747.237685443921
    ],
    "sdss_i0": [
        186507.14658907233,
        4059.8330604535004,
        4172.0204013961775
    ],
    "sdss_z0": [
        226957.28424866855,
        5695.452401361603,
        8023.376631286461
    ],
    "wise_w1": [
        132120.89242018585,
        16794.115659504518,
        14807.837393929585
    ],
    "wise_w2": [
        73767.14686680514,
        9530.921017549306,
        8067.668927282517
    ],
    "wise_w3": [
        129613.79037277217,
        107943.37251753296,
        69693.9212068537
    ],
    "galex_FUV": [
        0.010770533145671696,
        0.0032651843312196897,
        0.0028318723183742775
    ],
    "uvot_b": [
        15.794195792827619,
        0.5081482188442763,
        0.7053240372775011
    ],
    "uvot_u": [
        4.610889145849293,
        0.3838575976156031,
        0.3607328885608343
    ],
    "uvot_m2": [
        0.5070555607020949,
        0.06420073066713461,
        0.06661558406287821
    ],
    "uvot_w1": [
        1.1949952345516348,
        0.0638090825467843,
        0.12088911061658103
    ],
    "uvot_w2": [
        0.36332749079319815,
        0.04509029953708815,
        0.04429548974054798
    ],
    "uvot_v": [
        31.04645304698629,
        0.8780166793547401,
        1.0471390398518317
    ],
    "u_r": [
        2.2096070963376073,
        0.0637606008330116,
        0.07700125042291805
    ]
}