{
    "galex_FUV": [
        65.7512830712559,
        31.71092922737219,
        10.889287959031684
    ],
    "galex_NUV": [
        787.3426791924588,
        237.53766811153685,
        131.89104984439848
    ],
    "sdss_u0": [
        21852.71394020548,
        821.335343565388,
        1115.3275245930818
    ],
    "sdss_g0": [
        101537.48141708758,
        2450.9471697265253,
        2531.6011433210224
    ],
    "sdss_r0": [
        217528.7399061508,
        4516.370455781347,
        3267.6084482800215
    ],
    "sdss_i0": [
        299467.8431625009,
        6155.6923964103335,
        6742.096016041993
    ],
    "sdss_z0": [
        405137.0069831922,
        4559.419378779596,
        10803.615600284364
    ],
    "wise_w1": [
        286686.05448235176,
        44743.34501800343,
        12867.67867854482
    ],
    "wise_w2": [
        165817.7641730857,
        43868.14890887303,
        9616.337745255965
    ],
    "wise_w3": [
        96277.23875502648,
        24637.982238798693,
        39670.91247361603
    ],
    "uvot_b": [
        19.133390354263664,
        0.41535554402323527,
        0.7294254902175439
    ],
    "uvot_u": [
        5.2492209290001,
        0.2205631227976026,
        0.29256133028970677
    ],
    "uvot_m2": [
        0.19043850772888923,
        0.06285536066207711,
        0.03190324963403682
    ],
    "uvot_w1": [
        0.8552404598950976,
        0.11094223196093667,
        0.06574072899321626
    ],
    "uvot_w2": [
        0.19475027010392154,
        0.03637234737980333,
        0.012318847083384238
    ],
    "uvot_v": [
        45.148339125179895,
        0.8911482379167026,
        0.6096993177954388
    ],
    "u_r": [
        2.496991387420441,
        0.041866726954423505,
        0.0232168050682664
    ]
}