{
    "galex_NUV": [
        1790.9026832058764,
        141.3222974362427,
        51.56385024801921
    ],
    "sdss_u0": [
        19025.677941763923,
        743.0307146133819,
        666.9709481436184
    ],
    "sdss_g0": [
        75376.1668740228,
        3228.6147648226324,
        1579.1101871488645
    ],
    "sdss_r0": [
        142660.4815542968,
        5081.56008709615,
        2872.2259349376254
    ],
    "sdss_i0": [
        186867.3617185094,
        4530.795863960695,
        4405.053759146831
    ],
    "sdss_z0": [
        225649.15929769046,
        6223.10314876234,
        5652.619351875561
    ],
    "wise_w1": [
        121881.44938190754,
        5845.7026835305005,
        3846.1982892895758
    ],
    "wise_w2": [
        68967.53342786475,
        3295.5723138204776,
        1813.4754332727753
    ],
    "wise_w3": [
        76241.56129314551,
        19499.673117511367,
        31541.435342920267
    ],
    "galex_FUV": [
        0.021002466581962878,
        0.00411167496261006,
        0.0015632687629252469
    ],
    "uvot_b": [
        22.570214250671643,
        0.9883830076854636,
        0.45036409268545086
    ],
    "uvot_u": [
        7.50351596452308,
        0.299282088025584,
        0.2539223948155911
    ],
    "uvot_m2": [
        0.7226486869960481,
        0.05394063545982131,
        0.02228065610219454
    ],
    "uvot_w1": [
        1.862767273249585,
        0.07844316948356811,
        0.0399694444595422
    ],
    "uvot_w2": [
        0.5656810946538358,
        0.04058514783218925,
        0.015945449620045626
    ],
    "uvot_v": [
        37.44529134859974,
        1.4715572405219888,
        0.6846896301588572
    ],
    "u_r": [
        2.192355578931405,
        0.020852561863828445,
        0.01943471745290548
    ]
}