{
    "galex_FUV": [
        20707.59784080911,
        18186.87654616929,
        17435.314765722047
    ],
    "galex_NUV": [
        176469.18537631285,
        6938.708758040826,
        12789.844814439595
    ],
    "sdss_u0": [
        1043549.8647059026,
        42396.90736994508,
        42307.87344766839
    ],
    "sdss_g0": [
        3843110.2717474815,
        140761.68990562065,
        83584.38121047709
    ],
    "sdss_r0": [
        6611308.746688399,
        141109.0103558628,
        190213.60615919065
    ],
    "sdss_i0": [
        8094289.472604361,
        286891.45236744545,
        200539.44413557556
    ],
    "sdss_z0": [
        9333030.097615948,
        482463.4145513475,
        196896.8713239599
    ],
    "wise_w1": [
        4455647.2802549405,
        528499.7493350143,
        403796.8079698356
    ],
    "wise_w2": [
        2523576.7090193345,
        296483.11011921475,
        223520.59554204112
    ],
    "wise_w3": [
        1288052.5395415227,
        1846569.9488408251,
        304076.3523399198
    ],
    "uvot_b": [
        1151.6312075973299,
        40.569645253712224,
        26.311939189406985
    ],
    "uvot_u": [
        393.25814310702987,
        17.630613359726226,
        13.709185071371621
    ],
    "uvot_m2": [
        63.641074964890294,
        2.0640466516240963,
        5.16419159606059
    ],
    "uvot_w1": [
        123.62221116721942,
        3.2209667078994784,
        7.376436140881566
    ],
    "uvot_w2": [
        50.80133706633621,
        1.6260033844606667,
        3.206796010647672
    ],
    "uvot_v": [
        1761.5320556975748,
        33.426167746620195,
        56.57683299070413
    ],
    "u_r": [
        1.991726544358142,
        0.06156401542074397,
        0.033746352473386976
    ]
}