{
    "galex_FUV": [
        429.76881997841775,
        154.33563281269272,
        157.7394121196648
    ],
    "galex_NUV": [
        1429.3244407965842,
        75.89883192715524,
        157.29779713908465
    ],
    "sdss_u0": [
        8016.665647242771,
        320.9805954570893,
        224.78996778719466
    ],
    "sdss_g0": [
        38491.27246165791,
        875.9000872302058,
        1396.6147420680936
    ],
    "sdss_r0": [
        80655.0184212306,
        1199.0813130118477,
        869.251047056503
    ],
    "sdss_i0": [
        107177.54805915977,
        1735.9289151615376,
        1093.0445221630798
    ],
    "sdss_z0": [
        138197.99427484866,
        3647.7815642474743,
        1887.2833362594538
    ],
    "wise_w1": [
        156178.51619863213,
        4123.203997466102,
        3648.655233670055
    ],
    "wise_w2": [
        114655.69079237839,
        5671.961104796734,
        3716.13033071073
    ],
    "wise_w3": [
        300295.915192849,
        54044.77130746131,
        68355.8199197124
    ],
    "uvot_b": [
        7.063730715426743,
        0.1533688742503898,
        0.24871156409401607
    ],
    "uvot_u": [
        1.9383938552888509,
        0.06662487236883141,
        0.07749179630257741
    ],
    "uvot_m2": [
        0.37820418572406345,
        0.021144727541088537,
        0.04383615218532044
    ],
    "uvot_w1": [
        0.613789304044952,
        0.02846796935959106,
        0.04344281823348228
    ],
    "uvot_w2": [
        0.2967891004275535,
        0.024093010672877724,
        0.04219765135202519
    ],
    "uvot_v": [
        17.926735052380735,
        0.30254088407292556,
        0.3858935371041916
    ],
    "u_r": [
        2.5034039776405366,
        0.028063828179579975,
        0.026649356315902484
    ]
}