{
    "galex_FUV": [
        2.303515190762808e+18,
        1.850099007182242e+18,
        2.0189099739978493e+18
    ],
    "galex_FUV.0": [
        2.157938786368035e+18,
        2.2538889385972324e+18,
        1.8733335696030764e+18
    ],
    "galex_NUV": [
        8.273785935976104e+18,
        2.850205477607758e+18,
        2.7942626157541284e+18
    ],
    "galex_NUV.0": [
        7.920053819234161e+18,
        3.203937594349701e+18,
        2.440530499012185e+18
    ],
    "ps_g": [
        1.9246337749993787e+20,
        7.407959589866045e+18,
        6.133170379115135e+18
    ],
    "ps_g.0": [
        1.9153359069569378e+20,
        9.447053212415525e+18,
        5.255226681065275e+18
    ],
    "ps_r": [
        3.044198514652481e+20,
        7.288339952075866e+18,
        9.976501988170695e+18
    ],
    "ps_r.0": [
        3.0417062167893154e+20,
        7.247008483023651e+18,
        9.727272201854157e+18
    ],
    "ps_i": [
        4.023266640620396e+20,
        6.717090128492626e+18,
        9.436684312973541e+18
    ],
    "ps_i.0": [
        4.021614888818131e+20,
        6.882265308719153e+18,
        9.428919127190405e+18
    ],
    "ps_z": [
        4.643850764931499e+20,
        1.287837761234967e+19,
        1.2061915238206996e+19
    ],
    "ps_z.0": [
        4.643850764931499e+20,
        1.2778624257924792e+19,
        1.228583297201583e+19
    ],
    "ps_y": [
        5.160516827285578e+20,
        1.4261980714428727e+19,
        1.97369959014573e+19
    ],
    "ps_y.0": [
        5.153085588993615e+20,
        1.4011289621095055e+19,
        1.8993872072260977e+19
    ],
    "wise_w1": [
        2.8152599609404794e+20,
        3.3107790044387705e+19,
        3.6738385625995477e+19
    ],
    "wise_w1.0": [
        2.808325686185869e+20,
        3.06508036013075e+19,
        3.6034092424448737e+19
    ],
    "wise_w2": [
        1.5590971890596407e+20,
        2.1277222327518626e+19,
        2.063634394554068e+19
    ],
    "wise_w2.0": [
        1.543099747558806e+20,
        1.6463841262422688e+19,
        1.9036599795457212e+19
    ],
    "wise_w3": [
        5.2627844570703856e+20,
        4.6202749127284045e+20,
        1.7066882505420938e+20
    ],
    "wise_w3.0": [
        4.9792451893707755e+20,
        4.665539859336838e+20,
        1.5963345638025403e+20
    ],
    "sdss_g0": [
        4.93944936358701e+16,
        2014834846228904.0,
        1802163238796640.0
    ],
    "sdss_g0.0": [
        4.907343992829713e+16,
        2352744360571152.0,
        1549876029733440.0
    ],
    "sdss_i0": [
        1.1008504555699437e+17,
        1794017986018592.0,
        2662349733877488.0
    ],
    "sdss_i0.0": [
        1.1002045541745331e+17,
        1858608125559648.0,
        2599185605532000.0
    ],
    "sdss_r0": [
        8.352611552394053e+16,
        2089482043268768.0,
        2636886437230656.0
    ],
    "sdss_r0.0": [
        8.35197089910968e+16,
        1965793308176544.0,
        2630479904386928.0
    ],
    "sdss_u0": [
        1.3620877241968732e+16,
        910290288856940.0,
        838090607720366.0
    ],
    "sdss_u0.0": [
        1.359686102945632e+16,
        982606994291356.0,
        922944439999884.0
    ],
    "sdss_z0": [
        1.311057875704084e+17,
        3999680814542000.0,
        3957440520749344.0
    ],
    "sdss_z0.0": [
        1.3110273257126438e+17,
        3809520112428480.0,
        3954385521605328.0
    ],
    "uvot_b": [
        4.042356863719478e+16,
        2252580178965104.0,
        1534938142924776.0
    ],
    "uvot_b.0": [
        4.0323618123050616e+16,
        2383458420273896.0,
        1482687120076000.0
    ],
    "uvot_u": [
        1.219296194307317e+16,
        844396053513468.0,
        684220993854770.0
    ],
    "uvot_u.0": [
        1.215944002763198e+16,
        914188310454598.0,
        782907701570138.0
    ],
    "uvot_m2": [
        2117979204962432.0,
        741222271241702.5,
        755203044210753.8
    ],
    "uvot_m2.0": [
        2007347854176748.8,
        851853622027385.8,
        644571693425070.5
    ],
    "uvot_w1": [
        3806253696640297.0,
        986838628357565.0,
        711682211007068.0
    ],
    "uvot_w1.0": [
        3766619839478939.5,
        1079169677762007.5,
        722383675778221.5
    ],
    "uvot_w2": [
        1846505933130023.8,
        646760241771142.2,
        715679150616749.5
    ],
    "uvot_w2.0": [
        1749986395804977.8,
        743279779096188.2,
        619159613291703.5
    ],
    "uvot_v": [
        6.829276635046373e+16,
        2044822551170456.0,
        2192430359137344.0
    ],
    "uvot_v.0": [
        6.7805919102851816e+16,
        2480840959288488.0,
        1640593594217552.0
    ],
    "u_r": [
        1.9722298535055198,
        0.053047006718156764,
        0.059703112287690985
    ],
    "u_r.0": [
        1.9746251214784827,
        0.052794863091986555,
        0.06209838026065384
    ]
}