{
    "galex_FUV": [
        52.00234644241051,
        508.8953402208216,
        39.203628180526074
    ],
    "galex_NUV": [
        832.9474893926215,
        582.4335109227759,
        196.92183907756305
    ],
    "ps_g": [
        34119.768173381744,
        2430.429887518221,
        828.1361328900166
    ],
    "ps_r": [
        63216.284277934305,
        1612.1564243005923,
        1610.0577927927661
    ],
    "ps_i": [
        86659.36206949453,
        1740.6888648578024,
        2286.7527937743143
    ],
    "ps_z": [
        106261.13406081601,
        1978.3543395849847,
        2254.739847209523
    ],
    "ps_y": [
        116786.49678627435,
        2318.0635767068743,
        2916.331093486384
    ],
    "wise_w1": [
        76073.38567329428,
        9547.028308571273,
        4011.784391838475
    ],
    "wise_w2": [
        43270.63058070585,
        5332.071754455566,
        2244.1228864756777
    ],
    "wise_w3": [
        118953.20404213852,
        39263.41776741027,
        33197.13180433486
    ],
    "sdss_g0": [
        11.474358535513888,
        0.638950740496691,
        0.25495807581148533
    ],
    "sdss_i0": [
        27.324905119535135,
        0.48571335829017315,
        0.6505044366699728
    ],
    "sdss_r0": [
        20.36912213536328,
        0.570365012469189,
        0.39230891822785807
    ],
    "sdss_u0": [
        3.1329420967716093,
        0.22139152798544526,
        0.21922599480736427
    ],
    "sdss_z0": [
        32.647145152908976,
        0.66567853585628,
        0.868483243392415
    ],
    "uvot_b": [
        9.21514013287444,
        0.7224186119231213,
        0.21287207519391593
    ],
    "uvot_u": [
        2.786303645722989,
        0.21450577139926263,
        0.2070950349521925
    ],
    "uvot_m2": [
        0.3047475615384304,
        0.15597007644995065,
        0.054181211132143026
    ],
    "uvot_w1": [
        0.7380561073556214,
        0.1517686582576313,
        0.06925716793874548
    ],
    "uvot_w2": [
        0.25905260776636857,
        0.1622927142584356,
        0.05262065483605696
    ],
    "uvot_v": [
        16.41246856264041,
        0.43129860878296,
        0.4113021106624153
    ]
}