{
    "galex_FUV": [
        302.3301637919943,
        1480.6723964265843,
        282.528257936026
    ],
    "galex_NUV": [
        1210.9391363022685,
        1477.431858232994,
        408.6574056409672
    ],
    "ps_g": [
        34546.76100369029,
        1334.4674055381984,
        1583.3763314678654
    ],
    "ps_r": [
        62266.28968167797,
        3300.0078427957196,
        1646.2888383852332
    ],
    "ps_i": [
        85348.27721280415,
        3438.186082110129,
        1712.4871130605316
    ],
    "ps_z": [
        105522.3626499883,
        3005.5277956599894,
        2202.2625255621533
    ],
    "ps_y": [
        116539.4286691648,
        3386.0731315790617,
        2500.5646965097403
    ],
    "wise_w1": [
        81666.97669058817,
        7484.937639650656,
        10756.991237580645
    ],
    "wise_w2": [
        46574.675343296745,
        4245.502801804068,
        5825.437302663653
    ],
    "wise_w3": [
        147449.45056173258,
        57992.85618912356,
        75482.66142222233
    ],
    "sdss_g0": [
        11.50759141705327,
        0.5066344693839824,
        0.48083216256738837
    ],
    "sdss_i0": [
        27.128732609232852,
        0.7893051489069158,
        0.7122222608036815
    ],
    "sdss_r0": [
        20.070099707832316,
        1.0049654187892152,
        0.36100775842552935
    ],
    "sdss_u0": [
        3.1964293065730467,
        0.1539923775441281,
        0.21490483027338803
    ],
    "sdss_z0": [
        32.64015630631759,
        0.9447999972519838,
        0.8107352859031636
    ],
    "uvot_b": [
        9.342667061192703,
        0.39648800711047727,
        0.42057727262823974
    ],
    "uvot_u": [
        2.8681616175675,
        0.17422374987766043,
        0.20517781368425814
    ],
    "uvot_m2": [
        0.4265951990355187,
        0.38805192077632367,
        0.1290737368368416
    ],
    "uvot_w1": [
        0.858523573714739,
        0.3165414566679168,
        0.1653772893844554
    ],
    "uvot_w2": [
        0.3611073037889355,
        0.40829046892133736,
        0.11363243974764983
    ],
    "uvot_v": [
        16.20067787421643,
        0.8182154666356176,
        0.5085370291346063
    ]
}