{
    "ps_g": [
        6.236825427531053e+19,
        1.5798374321086464e+18,
        2.4614844395192566e+18
    ],
    "ps_g.0": [
        6.23432981668315e+19,
        1.8279785823237816e+18,
        2.620987222798557e+18
    ],
    "ps_r": [
        9.903750628167012e+19,
        2.2380450819133604e+18,
        2.8100434313712435e+18
    ],
    "ps_r.0": [
        9.910494553961156e+19,
        2.210635534765572e+18,
        3.0365629079569695e+18
    ],
    "ps_i": [
        1.2890900733223702e+20,
        2.729786974626087e+18,
        3.317646295266001e+18
    ],
    "ps_i.0": [
        1.2875405759350763e+20,
        2.8464268023804723e+18,
        3.514807781887754e+18
    ],
    "ps_z": [
        1.4716866083560479e+20,
        4.760080599606526e+18,
        5.51417451106245e+18
    ],
    "ps_z.0": [
        1.4696814059816015e+20,
        4.888964039603339e+18,
        5.361166165357265e+18
    ],
    "ps_y": [
        1.5975779627330676e+20,
        7.198015502007042e+18,
        6.516481848010375e+18
    ],
    "ps_y.0": [
        1.5919282378097974e+20,
        7.758208476862087e+18,
        5.951509355683348e+18
    ],
    "wise_w1": [
        7.44804467081451e+19,
        1.017610039385401e+19,
        6.656245690162446e+18
    ],
    "wise_w1.0": [
        7.405950766918196e+19,
        9.537327208807023e+18,
        6.099753095679779e+18
    ],
    "wise_w2": [
        4.0479095606438e+19,
        6.438308818772722e+18,
        4.136850380598518e+18
    ],
    "wise_w2.0": [
        4.0178733262460486e+19,
        4.952038833463894e+18,
        3.8364880366210007e+18
    ],
    "wise_w3": [
        5.180538297512604e+19,
        1.0848002865674623e+20,
        3.576016507124473e+19
    ],
    "wise_w3.0": [
        5.180538297512604e+19,
        7.151037163553165e+19,
        3.576016507124473e+19
    ],
    "galex_FUV": [
        12301246694587.137,
        25183990763182.043,
        3906604404915.583
    ],
    "galex_FUV.0": [
        12393625554744.361,
        25091611903024.82,
        4086623616409.4307
    ],
    "galex_NUV": [
        450392371425473.3,
        80608756656036.0,
        54741094670766.625
    ],
    "galex_NUV.0": [
        448258092213638.7,
        96951746740715.31,
        52606815458932.0
    ],
    "sdss_g0": [
        1.5893582927996438e+16,
        422014932288276.0,
        567184284195326.0
    ],
    "sdss_g0.0": [
        1.5883447014755122e+16,
        483782327011512.0,
        664052594828136.0
    ],
    "sdss_i0": [
        3.5251985542256576e+16,
        759614047951812.0,
        877504183303464.0
    ],
    "sdss_i0.0": [
        3.5239757660186572e+16,
        764374904663224.0,
        959841758389208.0
    ],
    "sdss_r0": [
        2.7233347402398096e+16,
        641546632130328.0,
        806655870358160.0
    ],
    "sdss_r0.0": [
        2.726446307715115e+16,
        611173622271656.0,
        893401879562984.0
    ],
    "sdss_u0": [
        4425619157403057.5,
        367291137288189.5,
        281114884899457.0
    ],
    "sdss_u0.0": [
        4440688060851105.5,
        351894906681046.5,
        291935949238641.5
    ],
    "sdss_z0": [
        4.126186174579926e+16,
        1530855501102432.0,
        1552114976989648.0
    ],
    "sdss_z0.0": [
        4.125894053810522e+16,
        1501425566327464.0,
        1590092141792312.0
    ],
    "uvot_b": [
        1.2843102732677244e+16,
        461601685496204.0,
        471399183461510.0
    ],
    "uvot_b.0": [
        1.2842367690517646e+16,
        457097550269526.0,
        482979442642946.0
    ],
    "uvot_u": [
        3955699842843788.5,
        333297221401140.5,
        253098056076986.0
    ],
    "uvot_u.0": [
        3988016274686929.5,
        300980789557999.5,
        284914216649486.0
    ],
    "uvot_m2": [
        387347230224432.44,
        78097930954938.31,
        46186838516093.06
    ],
    "uvot_m2.0": [
        385246158380634.6,
        98255335615143.81,
        44085766672295.25
    ],
    "uvot_w1": [
        993669522127536.2,
        120988084886305.75,
        69752046319482.625
    ],
    "uvot_w1.0": [
        996056693151324.9,
        118600913862517.12,
        72139217343271.25
    ],
    "uvot_w2": [
        309048874458698.6,
        63510459873308.125,
        30745934272763.125
    ],
    "uvot_w2.0": [
        307664985569539.5,
        77632989108094.44,
        29362045383604.0
    ],
    "uvot_v": [
        2.224528058829161e+16,
        535224968178584.0,
        855223233588952.0
    ],
    "uvot_v.0": [
        2.224528058829161e+16,
        535224968178584.0,
        858854119458604.0
    ],
    "u_r": [
        1.980548970869574,
        0.046737331170531915,
        0.0948173139122479
    ],
    "u_r.0": [
        1.9731926266045114,
        0.052635701653206635,
        0.08373973953418301
    ]
}