{
    "uvot_u": [
        4.151026935456832e+19,
        8.589172794055721e+17,
        1.186826157016793e+18
    ],
    "uvot_u.0": [
        4.144081168833102e+19,
        9.826292418125005e+17,
        1.2078151248214016e+18
    ],
    "uvot_b": [
        1.4874926126533788e+20,
        3.491306515110527e+18,
        2.0764274872816108e+18
    ],
    "uvot_b.0": [
        1.4858614310312886e+20,
        3.6124110285241385e+18,
        1.913309325072597e+18
    ],
    "uvot_v": [
        2.5476099312238746e+20,
        4.914440523182539e+18,
        4.808670494229463e+18
    ],
    "uvot_v.0": [
        2.5425648641672947e+20,
        5.482516654421901e+18,
        4.304163788571476e+18
    ],
    "ps_g": [
        1.9671838440195775e+20,
        4.175247835808301e+18,
        3.3147225688586977e+18
    ],
    "ps_g.0": [
        1.9671838440195775e+20,
        4.333879757455065e+18,
        3.3207825959791493e+18
    ],
    "ps_r": [
        3.1764498072061916e+20,
        5.997897071970812e+18,
        5.421397178700988e+18
    ],
    "ps_r.0": [
        3.175129969502424e+20,
        6.403520303275573e+18,
        5.289413408324256e+18
    ],
    "ps_i": [
        4.3173904974568725e+20,
        6.640099822526071e+18,
        8.672868940223283e+18
    ],
    "ps_i.0": [
        4.3173904974568725e+20,
        7.063739466363372e+18,
        5.630149381927535e+18
    ],
    "ps_z": [
        5.1231195121161306e+20,
        6.643551511750771e+18,
        1.2360666074602734e+19
    ],
    "ps_z.0": [
        5.12337271801006e+20,
        6.618230922357834e+18,
        9.736242314993533e+18
    ],
    "wise_w1": [
        3.4177830161307664e+20,
        2.2686217678900167e+19,
        1.3708762430915609e+19
    ],
    "wise_w1.0": [
        3.415672439809559e+20,
        2.552552363688316e+19,
        1.3321419211464835e+19
    ],
    "wise_w2": [
        1.8937511169437916e+20,
        1.4569728535528407e+19,
        9.001621712036856e+18
    ],
    "wise_w2.0": [
        1.8934335396343952e+20,
        1.46839704502832e+19,
        8.969863981097222e+18
    ],
    "wise_w3": [
        6.92261948268222e+20,
        2.0250637266367755e+20,
        1.4775305212136764e+20
    ],
    "wise_w3.0": [
        6.92261948268222e+20,
        2.0250637266367755e+20,
        1.4775305212136764e+20
    ],
    "galex_FUV": [
        211396526319257.0,
        248579011874603.88,
        81654071004635.77
    ],
    "galex_FUV.0": [
        211396526319257.0,
        244128665512354.7,
        81654071004635.77
    ],
    "galex_NUV": [
        1850908179659778.0,
        270502889367806.25,
        266919480651169.75
    ],
    "galex_NUV.0": [
        1851375857984758.5,
        270035211042825.75,
        267387158976150.25
    ],
    "sdss_g0": [
        5.024466684729531e+16,
        1041522108633072.0,
        912163781624128.0
    ],
    "sdss_g0.0": [
        5.021677041925428e+16,
        1069418536674104.0,
        884267353583096.0
    ],
    "sdss_i0": [
        1.179678917749722e+17,
        1799663694896112.0,
        2351240985503472.0
    ],
    "sdss_i0.0": [
        1.1796761702082194e+17,
        1932872927414816.0,
        1562696282327648.0
    ],
    "sdss_r0": [
        8.72737249871443e+16,
        1626845694242960.0,
        1449877034252352.0
    ],
    "sdss_r0.0": [
        8.716955133636422e+16,
        1843033621832816.0,
        1345703383472272.0
    ],
    "sdss_u0": [
        1.2755382205589196e+16,
        218181505661422.0,
        391695891389820.0
    ],
    "sdss_u0.0": [
        1.2749614058560706e+16,
        237257540461304.0,
        441109388034960.0
    ],
    "sdss_z0": [
        1.4482445250281376e+17,
        2306841894133280.0,
        3223714125740656.0
    ],
    "sdss_z0.0": [
        1.450640398248464e+17,
        2067254572100640.0,
        2746321879270672.0
    ],
    "uvot_m2": [
        1675252786382990.2,
        277615894858253.75,
        231671984265153.5
    ],
    "uvot_m2.0": [
        1675252786382990.2,
        277615894858253.75,
        231671984265153.5
    ],
    "uvot_w1": [
        3418034046431603.0,
        256692593946336.0,
        312060543106557.5
    ],
    "uvot_w1.0": [
        3427061071571192.5,
        302805437883259.0,
        321087568246147.0
    ],
    "uvot_w2": [
        1417482889103684.0,
        249860924530880.75,
        200062962448095.0
    ],
    "uvot_w2.0": [
        1417482889103684.0,
        249860924530880.75,
        200062962448095.0
    ],
    "u_r": [
        2.092910287528903,
        0.01883498893281832,
        0.021617536517146707
    ],
    "u_r.0": [
        2.092910287528903,
        0.021532389060816115,
        0.021593908569600195
    ]
}