{
    "galex_FUV": [
        2379.237102082792,
        1686.554524358995,
        1378.9399096967209
    ],
    "galex_NUV": [
        5082.301792037752,
        2201.5012384079,
        1753.5537365101372
    ],
    "sdss_u0": [
        20538.633653177927,
        1297.5154975492915,
        932.0924147897931
    ],
    "sdss_g0": [
        88123.14939167444,
        4745.011744270334,
        2850.6348780205008
    ],
    "sdss_r0": [
        182869.7424505686,
        3342.696130176686,
        5028.293268524692
    ],
    "sdss_i0": [
        256761.2250476579,
        6361.3736199854175,
        5391.987593365455
    ],
    "sdss_z0": [
        340000.6451604451,
        12625.566508356482,
        10583.425051202765
    ],
    "wise_w1": [
        316321.5640663708,
        43361.96065889782,
        38824.59426441777
    ],
    "wise_w2": [
        181426.7237089744,
        24968.02419123045,
        23483.154531271866
    ],
    "wise_w3": [
        880882.743401897,
        356068.085273557,
        309741.14165033365
    ],
    "uvot_b": [
        26.713489768314535,
        1.4658433175963488,
        0.959836050313605
    ],
    "uvot_u": [
        7.8372569268718,
        0.2333451821734256,
        0.3087193114975957
    ],
    "uvot_m2": [
        1.6307352560000445,
        0.6059275831205702,
        0.48295584045910545
    ],
    "uvot_w1": [
        2.7331985863970716,
        0.4897912378993654,
        0.4164835151726134
    ],
    "uvot_w2": [
        1.4645481384711478,
        0.5956938689175513,
        0.4704233617473218
    ],
    "uvot_v": [
        47.58873518548547,
        1.0434889767198499,
        1.5738331089159487
    ],
    "u_r": [
        2.3687329410930382,
        0.06532780890336864,
        0.07118182943930096
    ]
}