{
    "galex_FUV": [
        50577.18196478324,
        1213.0893508667505,
        1899.180167220853
    ],
    "galex_NUV": [
        90753.30828318947,
        3370.083791036028,
        4056.2713683328475
    ],
    "sdss_u0": [
        362329.70311557763,
        10593.79334023362,
        6404.813010960701
    ],
    "sdss_g0": [
        1480330.6159378593,
        65083.5778757846,
        21627.581851569703
    ],
    "sdss_r0": [
        2934451.0754732387,
        33757.57302018022,
        33719.37266811356
    ],
    "sdss_i0": [
        4121165.9060654435,
        72629.65409058658,
        80643.67915786477
    ],
    "sdss_z0": [
        5355507.066135286,
        114156.14830709063,
        117898.40781100653
    ],
    "wise_w1": [
        4651688.024882656,
        204127.04167867173,
        467995.1139936573
    ],
    "wise_w2": [
        2585595.203270835,
        171833.0325167179,
        252676.11384750158
    ],
    "wise_w3": [
        12612056.385780387,
        4745444.654747367,
        2520430.023819806
    ],
    "uvot_b": [
        311.65938324689796,
        13.866408311079056,
        6.836517598362207
    ],
    "uvot_u": [
        90.53149158668604,
        2.689465027124001,
        1.4796108347273815
    ],
    "uvot_m2": [
        24.281401398955083,
        0.8393883260150368,
        1.1938912045914236
    ],
    "uvot_w1": [
        35.66320972155831,
        1.0597586398141416,
        1.2818405463853821
    ],
    "uvot_w2": [
        21.936988893935926,
        0.7714621655316591,
        0.6561728561644493
    ],
    "uvot_v": [
        613.3376140338207,
        13.085388988087516,
        7.82610677144271
    ],
    "u_r": [
        2.272846086544662,
        0.018702584382845888,
        0.03027497277554403
    ]
}