{
    "galex_FUV": [
        251.52307948108435,
        729.107781995794,
        35.07765661785956
    ],
    "galex_NUV": [
        11144.995523995782,
        565.4776953830587,
        453.32423114728954
    ],
    "sdss_u0": [
        89862.54961416908,
        3516.938189771521,
        3458.127356710087
    ],
    "sdss_g0": [
        342845.45943918475,
        8366.33839922119,
        5900.529380628839
    ],
    "sdss_r0": [
        596277.0628281571,
        7657.679105481948,
        8949.571997289546
    ],
    "sdss_i0": [
        764646.9574774866,
        15011.501338087604,
        12990.658868313767
    ],
    "sdss_z0": [
        895705.1037131625,
        26952.020558249205,
        16233.510901232949
    ],
    "wise_w1": [
        471687.214432845,
        40356.8450516641,
        25425.75696987484
    ],
    "wise_w2": [
        259455.54841830095,
        24423.153628015163,
        12167.871759524482
    ],
    "wise_w3": [
        540236.4650914879,
        171688.6080289652,
        117876.2831054802
    ],
    "uvot_b": [
        74.81810835920355,
        1.9347823274669338,
        1.7315740228194585
    ],
    "uvot_u": [
        22.0853435212773,
        0.8139423681131674,
        0.7311904394853244
    ],
    "uvot_m2": [
        2.7998964371047217,
        0.1561465049155042,
        0.1259937403173721
    ],
    "uvot_w1": [
        6.1019748122131485,
        0.2156346678564125,
        0.17263387123703033
    ],
    "uvot_w2": [
        2.113913437030305,
        0.13376814106487966,
        0.1308867357789214
    ],
    "uvot_v": [
        133.1011120566417,
        2.3549664886197377,
        2.0556608292467615
    ],
    "u_r": [
        2.0567954142360554,
        0.03668610754989432,
        0.0347504569652628
    ]
}