{
    "galex_FUV": [
        2.6672545729214194e+19,
        7.356574379429437e+17,
        6.971646802442076e+17
    ],
    "galex_FUV.0": [
        2.6641655870783644e+19,
        7.244338115130163e+17,
        6.662748218136576e+17
    ],
    "galex_NUV": [
        5.024662956456361e+19,
        1.845671154443141e+18,
        2.209121421235331e+18
    ],
    "galex_NUV.0": [
        5.017043945554813e+19,
        1.8321672762507756e+18,
        2.1352805046239396e+18
    ],
    "sdss_u0": [
        2.3192848081095832e+20,
        6.523177302448308e+18,
        5.392080064615023e+18
    ],
    "sdss_u0.0": [
        2.3216409913277615e+20,
        6.48230528972184e+18,
        5.524891680483574e+18
    ],
    "sdss_g0": [
        8.609106948505352e+20,
        3.3036164345568297e+19,
        1.2044602622088446e+19
    ],
    "sdss_g0.0": [
        8.61011541982112e+20,
        3.2935317213991535e+19,
        1.2145449753665208e+19
    ],
    "sdss_r0": [
        1.6008913210514858e+21,
        2.3727814567535837e+19,
        1.7231886717344285e+19
    ],
    "sdss_r0.0": [
        1.6012185717883543e+21,
        2.460928245631838e+19,
        1.754944914386269e+19
    ],
    "sdss_i0": [
        2.2499836422598052e+21,
        3.3092445303227548e+19,
        3.6779390913047953e+19
    ],
    "sdss_i0.0": [
        2.250859802715788e+21,
        3.2375609939924615e+19,
        3.4249405132949684e+19
    ],
    "sdss_z0": [
        2.8338379165123257e+21,
        6.7257160141171065e+19,
        7.218383155612405e+19
    ],
    "sdss_z0.0": [
        2.8345398434527896e+21,
        6.630296539769078e+19,
        7.002729114612007e+19
    ],
    "wise_w1": [
        2.1309397648592627e+21,
        1.7536263093188218e+20,
        1.987234720648305e+20
    ],
    "wise_w1.0": [
        2.1309397648592627e+21,
        1.627850445778332e+20,
        2.0133598914493756e+20
    ],
    "wise_w2": [
        1.2082957881893648e+21,
        9.379021993242264e+19,
        1.1774179609483254e+20
    ],
    "wise_w2.0": [
        1.2086945204434025e+21,
        9.339148767838496e+19,
        1.1826437856676754e+20
    ],
    "wise_w3": [
        6.150440573872142e+21,
        2.0621889271033076e+21,
        1.2323253022178757e+21
    ],
    "wise_w3.0": [
        6.035960423585439e+21,
        2.2005501025089183e+21,
        1.1436990403345782e+21
    ],
    "uvot_b": [
        1.902052530407456e+17,
        9314192555817824.0,
        3059068745492640.0
    ],
    "uvot_b.0": [
        1.9006005616348342e+17,
        9481974037576384.0,
        2805218045130144.0
    ],
    "uvot_u": [
        5.724208253532348e+16,
        1637747173029816.0,
        1254642328840752.0
    ],
    "uvot_u.0": [
        5.7330339026724184e+16,
        1857904248084024.0,
        1298764310451008.0
    ],
    "uvot_m2": [
        1.314731941236778e+16,
        496183869681622.0,
        615540616768146.0
    ],
    "uvot_m2.0": [
        1.3114092449319816e+16,
        487856003348512.0,
        582118379905414.0
    ],
    "uvot_w1": [
        2.0818797250625604e+16,
        644554371731548.0,
        687123306125236.0
    ],
    "uvot_w1.0": [
        2.080788669104304e+16,
        616714036538412.0,
        683604494773912.0
    ],
    "uvot_w2": [
        1.2147773418785992e+16,
        376293701144776.0,
        478910771590178.0
    ],
    "uvot_w2.0": [
        1.2108083820929306e+16,
        382507806613022.0,
        462319048850920.0
    ],
    "uvot_v": [
        3.462983867163553e+17,
        5047478348656960.0,
        4611879804816192.0
    ],
    "uvot_v.0": [
        3.465631406092723e+17,
        4636290312342144.0,
        4876633697733184.0
    ],
    "u_r": [
        2.10442975801177,
        0.025107713582399604,
        0.032070829566991144
    ],
    "u_r.0": [
        2.103462394875784,
        0.023348848910191844,
        0.031103466431005256
    ]
}