{
    "galex_FUV": [
        6.176482894525326e+17,
        1.2074124090122732e+18,
        4.002509056616008e+17
    ],
    "galex_FUV.0": [
        5.876428963579922e+17,
        1.1463521518813389e+18,
        3.714165668214866e+17
    ],
    "galex_NUV": [
        7.955020454463003e+18,
        1.608138471970769e+18,
        1.1807012709456773e+18
    ],
    "galex_NUV.0": [
        7.753480536191333e+18,
        1.572036667439105e+18,
        9.863784635638651e+17
    ],
    "sdss_u0": [
        5.903019124216987e+19,
        3.021531085551403e+18,
        1.766938304348029e+18
    ],
    "sdss_u0.0": [
        5.893943282790949e+19,
        2.9630336388553196e+18,
        1.703988084295385e+18
    ],
    "sdss_g0": [
        1.9761205626066724e+20,
        5.716820450489598e+18,
        3.3148885865656156e+18
    ],
    "sdss_g0.0": [
        1.9713333506111262e+20,
        6.103442576832692e+18,
        3.3777430520679956e+18
    ],
    "sdss_r0": [
        3.1845893965179276e+20,
        9.316797215909478e+18,
        5.708321215110447e+18
    ],
    "sdss_r0.0": [
        3.181197424612344e+20,
        9.989297514182672e+18,
        5.44247127467026e+18
    ],
    "sdss_i0": [
        4.034895830233346e+20,
        9.445052470603612e+18,
        6.310065079697211e+18
    ],
    "sdss_i0.0": [
        4.0358123296691755e+20,
        1.0682595274353607e+19,
        6.560727154277351e+18
    ],
    "sdss_z0": [
        4.5999080138620345e+20,
        1.4337891925350154e+19,
        7.270616325336793e+18
    ],
    "sdss_z0.0": [
        4.601889049073529e+20,
        1.5215485432920408e+19,
        7.057342998871933e+18
    ],
    "uvot_b": [
        4.519937053957586e+16,
        1729046189210168.0,
        723279409958224.0
    ],
    "uvot_b.0": [
        4.514891737266052e+16,
        1701264653641856.0,
        695580149162592.0
    ],
    "uvot_u": [
        1.4483173730926878e+16,
        729860940587514.0,
        460861601779260.0
    ],
    "uvot_u.0": [
        1.4434876282737242e+16,
        707478949790812.0,
        412802813215880.0
    ],
    "uvot_m2": [
        1968072361116656.8,
        435952388211033.25,
        329312942615205.75
    ],
    "uvot_m2.0": [
        1904781225127908.8,
        453937780226407.25,
        268372675844222.5
    ],
    "uvot_w1": [
        4139487515575437.5,
        509219074692246.5,
        277290244060135.0
    ],
    "uvot_w1.0": [
        4119937132500208.5,
        447310890856655.5,
        272966877201183.5
    ],
    "uvot_w2": [
        1555306490375491.0,
        444814926781599.25,
        266648364493695.75
    ],
    "uvot_w2.0": [
        1526112347317285.0,
        450408434750657.75,
        237454221435489.75
    ],
    "uvot_v": [
        7.34527581016183e+16,
        2078536726445728.0,
        1234660486038240.0
    ],
    "uvot_v.0": [
        7.334688528280299e+16,
        2192635561049312.0,
        1186023310747968.0
    ],
    "u_r": [
        1.8278898637182195,
        0.02982970664421236,
        0.03368746874124895
    ],
    "u_r.0": [
        1.8304424121262526,
        0.027277158236179266,
        0.034746306385338155
    ]
}