{
    "galex_FUV": [
        28.944019091240374,
        8.994297594882209,
        5.967851492219701
    ],
    "galex_NUV": [
        952.5734219186162,
        100.95849736735511,
        110.48130328418586
    ],
    "sdss_u0": [
        10720.310167756552,
        244.79083430693754,
        606.3252486416659
    ],
    "sdss_g0": [
        42939.4414348803,
        475.0490363392455,
        1355.766376281179
    ],
    "sdss_r0": [
        82878.6218116307,
        2169.8746530091594,
        768.051932968534
    ],
    "sdss_i0": [
        108739.48123012202,
        2780.088454268931,
        1506.3761819016072
    ],
    "sdss_z0": [
        132460.13989183767,
        6039.365477845597,
        2941.1345515492576
    ],
    "wise_w1": [
        74579.24923701225,
        12687.973680409545,
        4419.912317234004
    ],
    "wise_w2": [
        42227.17614516587,
        7649.362261157352,
        2507.648428661356
    ],
    "wise_w3": [
        29503.38400425673,
        21782.340646278848,
        11030.80018546086
    ],
    "uvot_b": [
        12.907834760609612,
        0.10473314282958235,
        0.3306139518063915
    ],
    "uvot_u": [
        4.17979300472688,
        0.14324597548711004,
        0.322300721291056
    ],
    "uvot_m2": [
        0.3859060527003982,
        0.03176304572634697,
        0.03868488757530392
    ],
    "uvot_w1": [
        1.0334693418953569,
        0.03207365203383694,
        0.10663543910359063
    ],
    "uvot_w2": [
        0.3046106098825492,
        0.02628566158307316,
        0.02554753340423277
    ],
    "uvot_v": [
        21.73615604904255,
        0.5292064797219815,
        0.19334958820352455
    ],
    "u_r": [
        2.223442563429209,
        0.07253759429020112,
        0.025431371193461505
    ]
}