{
    "galex_FUV": [
        51237.492932337365,
        4548.860255811182,
        2469.13171096555
    ],
    "galex_NUV": [
        88712.34629231214,
        3064.2573447974864,
        3636.383472241854
    ],
    "sdss_u0": [
        350504.3197925518,
        14747.889474703989,
        37657.25154071482
    ],
    "sdss_g0": [
        1433983.2775209574,
        47459.645819770405,
        117184.14322495693
    ],
    "sdss_r0": [
        2976056.662127678,
        83926.0958188679,
        107825.30916483514
    ],
    "sdss_i0": [
        4216772.3452219,
        111694.4525699662,
        188474.4515877869
    ],
    "sdss_z0": [
        5492651.085936634,
        203918.66493230686,
        263648.4057479771
    ],
    "wise_w1": [
        4483291.936892328,
        918216.120887409,
        322424.1772039593
    ],
    "wise_w2": [
        2551730.3239108576,
        556345.2625286607,
        184617.9784906702
    ],
    "wise_w3": [
        10554262.026072618,
        8959410.069086663,
        1624484.596855104
    ],
    "uvot_b": [
        432.3970060120168,
        13.793771974633898,
        33.51303048308398
    ],
    "uvot_u": [
        133.2664724483744,
        6.743958913445709,
        16.035346753475352
    ],
    "uvot_m2": [
        27.965787481617404,
        1.12810385710441,
        1.0918291544692984
    ],
    "uvot_w1": [
        45.6209658599252,
        1.892127657939099,
        1.771183727485976
    ],
    "uvot_w2": [
        25.766268261053426,
        0.8820907030173153,
        0.9804044755796681
    ],
    "uvot_v": [
        774.2507211716977,
        19.998169094474065,
        28.53389014292395
    ],
    "u_r": [
        2.3258234702132747,
        0.048454829510317765,
        0.04115978467051029
    ]
}