{
    "galex_FUV": [
        1.6725507522333192e+18,
        6.289640179769544e+18,
        1.237216304160976e+18
    ],
    "galex_FUV.0": [
        1.6316047340485852e+18,
        6.331071905367118e+18,
        1.2434645362728404e+18
    ],
    "galex_NUV": [
        1.083042612648234e+19,
        5.757846697998465e+18,
        3.119459408669991e+18
    ],
    "galex_NUV.0": [
        1.0821237157921241e+19,
        6.021971417076267e+18,
        3.110270440108892e+18
    ],
    "sdss_u0": [
        1.5065243107984205e+20,
        9.424862997229732e+18,
        6.257000355519955e+18
    ],
    "sdss_u0.0": [
        1.5065243107984205e+20,
        9.13828035552641e+18,
        7.203719772555002e+18
    ],
    "sdss_g0": [
        6.613280967301886e+20,
        2.5780121312253313e+19,
        1.117673474635622e+19
    ],
    "sdss_g0.0": [
        6.599546571271879e+20,
        2.608497224884119e+19,
        9.84992223347291e+18
    ],
    "sdss_r0": [
        1.3156131605099687e+21,
        3.040205447145377e+19,
        3.5244136193297744e+19
    ],
    "sdss_r0.0": [
        1.3170664347691867e+21,
        2.7644567346339906e+19,
        3.6670728906625253e+19
    ],
    "sdss_i0": [
        1.8862786543727123e+21,
        6.4141206755633005e+19,
        4.709628699525697e+19
    ],
    "sdss_i0.0": [
        1.8872506296647575e+21,
        6.573501994665011e+19,
        4.785960547643005e+19
    ],
    "sdss_z0": [
        2.5161074877444905e+21,
        1.9097858605120225e+20,
        1.5704436732356303e+20
    ],
    "sdss_z0.0": [
        2.5161074877444905e+21,
        2.418787527943793e+20,
        1.5045554094154344e+20
    ],
    "wise_w1": [
        1.7772018689114487e+21,
        5.818593414061325e+20,
        2.577936208114158e+20
    ],
    "wise_w1.0": [
        1.8249383044979318e+21,
        6.121684992522243e+20,
        3.0102613954618956e+20
    ],
    "wise_w2": [
        9.945026948603562e+20,
        4.2275186666065927e+20,
        1.5847808992266958e+20
    ],
    "wise_w2.0": [
        1.0257948306842668e+21,
        4.285627958812424e+20,
        1.8827166272474304e+20
    ],
    "wise_w3": [
        2.2287790791572233e+21,
        1.1347109544020403e+21,
        1.102399056100638e+21
    ],
    "wise_w3.0": [
        2.2722149504148085e+21,
        1.098237725060482e+21,
        1.1323583413797125e+21
    ],
    "uvot_b": [
        1.408009642079766e+17,
        5415338129027968.0,
        3393682516442560.0
    ],
    "uvot_b.0": [
        1.4023815691478277e+17,
        5978145422221808.0,
        2830875223248720.0
    ],
    "uvot_u": [
        3.666532155133578e+16,
        2241366460948288.0,
        1448927976056472.0
    ],
    "uvot_u.0": [
        3.664417137450902e+16,
        2241411001791240.0,
        1839540485501324.0
    ],
    "uvot_m2": [
        2516052074785168.0,
        1608408933483628.5,
        724871999133784.8
    ],
    "uvot_m2.0": [
        2516052074785168.0,
        1800169183976467.5,
        724871999133784.8
    ],
    "uvot_w1": [
        8348320952460124.0,
        921741898207042.0,
        1299033693902937.0
    ],
    "uvot_w1.0": [
        8340405093202194.0,
        981431604011184.0,
        1527596429148803.0
    ],
    "uvot_w2": [
        2396978410830779.0,
        1694739053431348.5,
        561072485983959.25
    ],
    "uvot_w2.0": [
        2404714286832448.0,
        1731932562157773.5,
        568808361985628.2
    ],
    "uvot_v": [
        2.7800732878002358e+17,
        1.008203026671872e+16,
        4254099371484800.0
    ],
    "uvot_v.0": [
        2.7800732878002358e+17,
        1.00805126280984e+16,
        4446765407285664.0
    ],
    "u_r": [
        2.342829563324203,
        0.041135609631005376,
        0.04455099494845882
    ],
    "u_r.0": [
        2.34491806867533,
        0.04708862052017304,
        0.04776318105919097
    ]
}