{
    "galex_FUV": [
        5.857514244188856e+17,
        1.0273608618619049e+18,
        3.893606520809568e+17
    ],
    "galex_FUV.0": [
        4.2811390810052774e+17,
        8.436886046000966e+17,
        2.3373903774510035e+17
    ],
    "galex_NUV": [
        5.96413820785776e+18,
        5.669132080227871e+17,
        3.725009512785121e+17
    ],
    "galex_NUV.0": [
        5.96413820785776e+18,
        5.662560822820608e+17,
        3.725009512785121e+17
    ],
    "sdss_u0": [
        4.616512033276312e+19,
        2.2049364290109276e+18,
        2.1692844669136978e+18
    ],
    "sdss_u0.0": [
        4.637650843932882e+19,
        2.407375336524202e+18,
        2.371803603018572e+18
    ],
    "sdss_g0": [
        1.6176358410055834e+20,
        4.439470652629811e+18,
        3.1683227607934894e+18
    ],
    "sdss_g0.0": [
        1.6188569665369155e+20,
        4.4483490224689316e+18,
        3.1326822360874353e+18
    ],
    "sdss_r0": [
        2.665799985697844e+20,
        5.136043084380996e+18,
        8.347590031819014e+18
    ],
    "sdss_r0.0": [
        2.6650922524469513e+20,
        5.842120575679234e+18,
        7.419550819255714e+18
    ],
    "sdss_i0": [
        3.398008574145992e+20,
        1.0945351631820489e+19,
        1.072926596260384e+19
    ],
    "sdss_i0.0": [
        3.389134819693193e+20,
        1.2015447805161505e+19,
        9.583375323058799e+18
    ],
    "sdss_z0": [
        3.9293267931874755e+20,
        3.2284854170124616e+19,
        1.3412610341269012e+19
    ],
    "sdss_z0.0": [
        3.912673228557856e+20,
        3.207147918527673e+19,
        1.2406945455331607e+19
    ],
    "wise_w1": [
        2.0406425727398055e+20,
        3.1667258927355134e+19,
        2.2048798969506267e+19
    ],
    "wise_w1.0": [
        1.9787758257766243e+20,
        3.345542076478233e+19,
        1.6104274339040231e+19
    ],
    "wise_w2": [
        1.0919936702285488e+20,
        1.6888328921873842e+19,
        9.702931406344421e+18
    ],
    "wise_w2.0": [
        1.0820922763121307e+20,
        1.5150939551078105e+19,
        9.722915039721947e+18
    ],
    "wise_w3": [
        1.4538374428110776e+20,
        1.070366878125574e+20,
        3.83067435113356e+19
    ],
    "wise_w3.0": [
        1.505090715617129e+20,
        1.0191136053195227e+20,
        4.454710790623637e+19
    ],
    "uvot_b": [
        3.6851068371993944e+16,
        1093659661382328.0,
        931449085630592.0
    ],
    "uvot_b.0": [
        3.688975385839596e+16,
        1099627491629992.0,
        853556330032656.0
    ],
    "uvot_u": [
        1.1355423394237676e+16,
        459252998684442.0,
        489925334818220.0
    ],
    "uvot_u.0": [
        1.1404181360096556e+16,
        596725420937912.0,
        519305792317502.0
    ],
    "uvot_m2": [
        1486948159271529.0,
        153196190704714.75,
        120239692881510.75
    ],
    "uvot_m2.0": [
        1479010739293139.5,
        161133610683104.25,
        118984532210155.0
    ],
    "uvot_w1": [
        3181116083902138.5,
        208164666492615.5,
        95876742403049.0
    ],
    "uvot_w1.0": [
        3198879627672674.0,
        197028380454185.5,
        113640286173584.5
    ],
    "uvot_w2": [
        1239109125936134.5,
        124282154446641.25,
        149064767583466.12
    ],
    "uvot_w2.0": [
        1222693998148893.2,
        140697282233882.5,
        138315699663604.88
    ],
    "uvot_v": [
        6.0996073944839496e+16,
        1325841365070824.0,
        1529144149970680.0
    ],
    "uvot_v.0": [
        6.0996073944839496e+16,
        1419538808496000.0,
        1412808566996448.0
    ],
    "u_r": [
        1.9087741230825241,
        0.05225145046390689,
        0.06353414153410664
    ],
    "u_r.0": [
        1.9032724651604753,
        0.05775310838595571,
        0.06736537589737379
    ]
}