{
    "ps_g": [
        22702.424348869426,
        951.710420810341,
        694.6233694630318
    ],
    "ps_r": [
        40301.44341977365,
        1365.6711523101767,
        1276.2601731444374
    ],
    "ps_z": [
        72680.76843982103,
        3792.6925264939055,
        2578.0165033376543
    ],
    "galex_NUV": [
        4108.038696441155,
        454.95337179926537,
        294.2099303754012
    ],
    "galex_FUV": [
        2566.695453537628,
        401.7937981458499,
        203.050232481517
    ],
    "wise_w1": [
        108798.81383257538,
        10650.691828768351,
        14115.987206425125
    ],
    "wise_w2": [
        76437.26873378413,
        7699.296997749843,
        13271.143502011888
    ],
    "wise_w3": [
        592309.0505604149,
        37857.56417973235,
        79467.0683374643
    ],
    "sdss_g0": [
        5.583551122339097,
        0.25629146175803896,
        0.17092295603610275
    ],
    "sdss_i0": [
        15.360101132868145,
        0.5152498201215501,
        0.6100663688414958
    ],
    "sdss_r0": [
        11.053284437406983,
        0.36964207345158506,
        0.35960967609434746
    ],
    "sdss_u0": [
        1.9728933926390382,
        0.1352531114394444,
        0.09018197050594212
    ],
    "sdss_z0": [
        21.190455725553413,
        1.166629171437421,
        0.8788806249802334
    ],
    "uvot_b": [
        4.069967236495854,
        0.22917011109662955,
        0.14547252471207273
    ],
    "uvot_u": [
        1.8719199279733056,
        0.1287638610599784,
        0.08735682139567857
    ],
    "uvot_m2": [
        1.1176547296615094,
        0.12192644059114577,
        0.08213625983543182
    ],
    "uvot_w1": [
        1.2681877028491753,
        0.13148413655662616,
        0.07986734615612656
    ],
    "uvot_w2": [
        1.0052652330323246,
        0.13152758388236174,
        0.06743122250044975
    ],
    "uvot_v": [
        8.794929440482278,
        0.3234524570357493,
        0.26434480703790797
    ],
    "u_r": [
        1.8805073943049018,
        0.03410642598611946,
        0.08971213203732797
    ]
}