{
    "galex_FUV": [
        963.3721948100065,
        1587.6902177089278,
        946.578412621929
    ],
    "galex_NUV": [
        1735.423747202503,
        2515.544756054966,
        861.2591775536969
    ],
    "sdss_u0": [
        7687.627104366049,
        1579.1501580228123,
        547.4901151997756
    ],
    "sdss_g0": [
        29290.013535354232,
        812.4519105961263,
        921.1974706107831
    ],
    "sdss_r0": [
        52729.27887785178,
        1545.7564635439703,
        1043.1278709275066
    ],
    "sdss_i0": [
        68733.36268638601,
        1674.0725404508703,
        1465.7400541519455
    ],
    "sdss_z0": [
        84143.71434840576,
        3536.71203968153,
        2734.317640718087
    ],
    "wise_w1": [
        54931.0300927843,
        30585.129900546766,
        10642.825957447989
    ],
    "wise_w2": [
        31266.62674205593,
        17687.974944193717,
        6141.331267882473
    ],
    "wise_w3": [
        113861.94890620916,
        561153.9731273637,
        73380.94307180459
    ],
    "uvot_b": [
        8.771283738134926,
        0.245775959634857,
        0.253921518716405
    ],
    "uvot_u": [
        2.936395225083998,
        0.27047012138122417,
        0.1824085558750852
    ],
    "uvot_m2": [
        0.5538692036963803,
        0.726590221640205,
        0.21582038563523076
    ],
    "uvot_w1": [
        0.9355138984313789,
        0.7328664022466584,
        0.15587790136880797
    ],
    "uvot_w2": [
        0.5006771033875123,
        0.6750213722904316,
        0.23758487790701893
    ],
    "uvot_v": [
        13.886424197440258,
        0.39535788249791004,
        0.304292526531734
    ]
}