{
    "galex_FUV": [
        240.82936028356795,
        35.08501451617417,
        42.363887534192
    ],
    "galex_NUV": [
        11076.086817009525,
        651.2087215733391,
        703.3313639299504
    ],
    "sdss_u0": [
        90585.53657941804,
        2118.8514836276736,
        2749.6574746728293
    ],
    "sdss_g0": [
        344225.65794901794,
        4522.570840344648,
        7685.836441441323
    ],
    "sdss_r0": [
        611482.8073583189,
        12088.3499821031,
        13046.945097226184
    ],
    "sdss_i0": [
        767681.6260039738,
        17233.475237134844,
        22494.848158380948
    ],
    "sdss_z0": [
        903459.4893768624,
        20346.024794843048,
        35741.18710990308
    ],
    "wise_w1": [
        440602.21147245215,
        39531.861044360674,
        31985.652802047378
    ],
    "wise_w2": [
        249837.06815906832,
        21641.414701512753,
        18630.702136425884
    ],
    "wise_w3": [
        102765.27008475612,
        141443.44667846634,
        40562.61383848551
    ],
    "uvot_b": [
        102.9649189147549,
        1.4636218621938042,
        2.0422838122391624
    ],
    "uvot_u": [
        34.98367493888909,
        0.7299147468064717,
        1.3752208504684234
    ],
    "uvot_m2": [
        4.24787883703423,
        0.2045016088679752,
        0.21072097935336398
    ],
    "uvot_w1": [
        9.558155307452779,
        0.36080651730729585,
        0.28959834857704436
    ],
    "uvot_w2": [
        3.2960960147054927,
        0.1623729085904113,
        0.17437029296934625
    ],
    "uvot_v": [
        162.08752041625846,
        2.9355577791772873,
        3.557098672671003
    ],
    "u_r": [
        2.0770751847316777,
        0.03596641658214006,
        0.03343041178329509
    ]
}