{
    "galex_FUV": [
        7790.6232093684675,
        4953.563011761967,
        7566.667228071749
    ],
    "galex_NUV": [
        20401.918556276247,
        5588.384620398367,
        4221.782822664822
    ],
    "ps_g": [
        721367.625764189,
        26290.36076425598,
        21231.081828415045
    ],
    "ps_r": [
        1333303.9848138688,
        49823.890124692814,
        20593.38303636224
    ],
    "ps_i": [
        1842353.5566477943,
        34915.78358510882,
        38135.42183506978
    ],
    "ps_z": [
        2277982.8392759934,
        36175.31127024954,
        41599.24361038348
    ],
    "ps_y": [
        2519949.364327221,
        63684.9655222767,
        49716.60928038787
    ],
    "wise_w1": [
        1766247.622285237,
        190908.43418175215,
        218321.36091098585
    ],
    "wise_w2": [
        1005582.3444413494,
        114198.01107558282,
        112121.8581670511
    ],
    "wise_w3": [
        2523114.61005711,
        1290411.565111212,
        1426139.3869320203
    ],
    "sdss_g0": [
        242.45891670073024,
        9.411261152900892,
        7.081820588058349
    ],
    "sdss_i0": [
        584.5978573458159,
        7.202167747335807,
        12.46247937471776
    ],
    "sdss_r0": [
        432.9523520412894,
        12.688390569126113,
        7.2332443426883515
    ],
    "sdss_u0": [
        64.20433752305692,
        2.6091829733887835,
        3.4720332931925313
    ],
    "sdss_z0": [
        704.0911868166897,
        20.420461848225045,
        14.546075910915533
    ],
    "uvot_b": [
        195.56535609119743,
        5.785868141788171,
        6.343368859136717
    ],
    "uvot_u": [
        56.829424402756686,
        3.0475930567677167,
        2.2906446050121403
    ],
    "uvot_m2": [
        7.0013709217341455,
        1.659596997839743,
        0.8493020032409335
    ],
    "uvot_w1": [
        15.692039363926716,
        1.0855505109018093,
        0.6220275147199725
    ],
    "uvot_w2": [
        6.394444270211089,
        1.4767499849313035,
        1.355203934640624
    ],
    "uvot_v": [
        346.2543517477582,
        12.809581601724801,
        6.177190910722459
    ]
}