{
    "galex_FUV": [
        6.411118878375869e+18,
        6.587333595113999e+18,
        2.8684707154966477e+18
    ],
    "galex_FUV.0": [
        6.411118878375869e+18,
        6.511911168172965e+18,
        2.9590926884157394e+18
    ],
    "galex_NUV": [
        1.7417509315914203e+19,
        5.510524823870063e+18,
        3.9039919621738086e+18
    ],
    "galex_NUV.0": [
        1.7452443729496605e+19,
        5.252436989083283e+18,
        3.9067926467853476e+18
    ],
    "sdss_u0": [
        9.761849318297323e+19,
        4.1696289734652396e+18,
        3.0450892949941125e+18
    ],
    "sdss_u0.0": [
        9.82650678078358e+19,
        3.5372998224552264e+18,
        3.698544355796271e+18
    ],
    "sdss_g0": [
        3.733915951625857e+20,
        1.021937542352103e+19,
        1.2960716354869854e+19
    ],
    "sdss_g0.0": [
        3.73378941779168e+20,
        1.0464158094660338e+19,
        1.378387699394478e+19
    ],
    "sdss_r0": [
        6.616859631127122e+20,
        1.1938250771724108e+19,
        1.7263687398103843e+19
    ],
    "sdss_r0.0": [
        6.616859631127122e+20,
        1.1938250771724108e+19,
        1.7502233625396118e+19
    ],
    "sdss_i0": [
        9.0151697994213e+20,
        2.151229291598368e+19,
        2.2721074728683962e+19
    ],
    "sdss_i0.0": [
        9.019884022005116e+20,
        2.1040870657602093e+19,
        2.4074417234922177e+19
    ],
    "sdss_z0": [
        1.1298010109857044e+21,
        3.1336905556054114e+19,
        4.615301223365044e+19
    ],
    "sdss_z0.0": [
        1.1274555612368231e+21,
        3.3682355304935326e+19,
        4.386207512158981e+19
    ],
    "wise_w1": [
        7.328798826808476e+20,
        7.683567820234726e+19,
        4.65212638228847e+19
    ],
    "wise_w1.0": [
        7.375423750088064e+20,
        7.217318587438845e+19,
        5.195455815823498e+19
    ],
    "wise_w2": [
        4.12874048691223e+20,
        3.4700843600250864e+19,
        3.602346441950462e+19
    ],
    "wise_w2.0": [
        4.148162298748312e+20,
        3.275866241664267e+19,
        4.11545972524552e+19
    ],
    "wise_w3": [
        1.2258846899791373e+21,
        1.0761726544938418e+21,
        4.3366998101573095e+20
    ],
    "wise_w3.0": [
        1.228417223940151e+21,
        1.0736401205328282e+21,
        4.2009915509264784e+20
    ],
    "uvot_b": [
        8.386337883372909e+16,
        2576267216014512.0,
        4468497241297200.0
    ],
    "uvot_b.0": [
        8.400361714673467e+16,
        2534488330109744.0,
        4658126157256960.0
    ],
    "uvot_u": [
        2.4149645494553424e+16,
        1017961911394220.0,
        930473278198136.0
    ],
    "uvot_u.0": [
        2.417824051170835e+16,
        989366894239292.0,
        959068295353064.0
    ],
    "uvot_m2": [
        4480066213413788.0,
        1587732531726198.0,
        1094813177966681.5
    ],
    "uvot_m2.0": [
        4486379287784017.5,
        1520784042754631.5,
        1079181449040399.0
    ],
    "uvot_w1": [
        7914822664922973.0,
        1411650297553187.0,
        1062183180571830.0
    ],
    "uvot_w1.0": [
        7914822664922973.0,
        1335466941871703.0,
        1051126893398622.0
    ],
    "uvot_w2": [
        4020440203405468.0,
        1607544796811565.0,
        1066975884893709.5
    ],
    "uvot_w2.0": [
        4011602147751087.0,
        1616382852465946.0,
        1056307839899432.5
    ],
    "uvot_v": [
        1.4607241482288986e+17,
        2786016953205504.0,
        3504455571507536.0
    ],
    "uvot_v.0": [
        1.4601566158192275e+17,
        2881552802150688.0,
        3447702330540432.0
    ],
    "u_r": [
        2.075297573021854,
        0.0383105858352204,
        0.049012343486255716
    ],
    "u_r.0": [
        2.074026263156836,
        0.040691077211826965,
        0.05100743722628032
    ]
}