{
    "galex_FUV": [
        242.2938049609893,
        35.33271174871527,
        45.57771752619661
    ],
    "galex_NUV": [
        11076.086817009525,
        532.2369499196811,
        716.2561581745467
    ],
    "sdss_u0": [
        90674.10699403964,
        2104.2309974460804,
        2838.2278892944305
    ],
    "sdss_g0": [
        344482.53754094255,
        3757.190626691212,
        7942.461613467138
    ],
    "sdss_r0": [
        611852.5884281727,
        11176.713924329146,
        13194.077237057383
    ],
    "sdss_i0": [
        768013.6708042697,
        15769.135113397613,
        22608.770496773417
    ],
    "sdss_z0": [
        906139.8252772524,
        15411.975573415053,
        38421.52301029302
    ],
    "wise_w1": [
        440284.0558381365,
        39850.0166786763,
        31667.49716773175
    ],
    "wise_w2": [
        249454.2547516308,
        21828.568025072833,
        18247.888728988357
    ],
    "wise_w3": [
        101208.31840458013,
        91297.10246634403,
        39005.66215830952
    ],
    "uvot_b": [
        102.99016559594,
        1.4028408380888777,
        2.0675304934242575
    ],
    "uvot_u": [
        35.01832420743469,
        0.7023636601564718,
        1.416603423370887
    ],
    "uvot_m2": [
        4.2481499899763655,
        0.1984440231268394,
        0.23142167323828122
    ],
    "uvot_w1": [
        9.579855824631206,
        0.32582301777860856,
        0.3358532363467823
    ],
    "uvot_w2": [
        3.298150802611889,
        0.14112416595951505,
        0.1821731085317242
    ],
    "uvot_v": [
        162.08752041625846,
        2.6565188057812463,
        3.2901502796599686
    ]
}