{
    "galex_FUV": [
        8585.990474259972,
        3235.5052928223467,
        3230.561182304162
    ],
    "galex_NUV": [
        18088.279532379405,
        2172.523439297158,
        2458.580506928629
    ],
    "ps_g": [
        729359.5584888699,
        49285.94548770727,
        26984.08154411975
    ],
    "ps_r": [
        1343142.5474561912,
        33214.0490022148,
        25013.321419534506
    ],
    "ps_i": [
        1857631.9718558923,
        43421.67692199373,
        50864.322327305796
    ],
    "ps_z": [
        2311190.5486469497,
        43632.300400774926,
        58600.6198625667
    ],
    "ps_y": [
        2619307.6604441176,
        63579.19419071963,
        58937.502695946954
    ],
    "wise_w1": [
        1688930.271265738,
        99432.20563888992,
        154122.86665464425
    ],
    "wise_w2": [
        948130.5116193867,
        52794.13701325434,
        88188.555001472
    ],
    "wise_w3": [
        1187382.0657422293,
        1322716.0577868114,
        647147.9797170488
    ],
    "sdss_g0": [
        181.71958703664677,
        13.357642773896657,
        6.856032559451961
    ],
    "sdss_i0": [
        506.64463854528935,
        12.144440869992764,
        13.767784894278577
    ],
    "sdss_r0": [
        369.91252731041317,
        8.93576692114135,
        7.058741088333363
    ],
    "sdss_u0": [
        42.13348471062255,
        5.031174986003073,
        2.47216140304063
    ],
    "sdss_z0": [
        659.6424063407444,
        13.974123650800607,
        14.420917734431782
    ],
    "uvot_b": [
        133.28587903046076,
        10.173446460590014,
        6.397201427246287
    ],
    "uvot_u": [
        37.74858726202683,
        4.624419761480681,
        2.286758379706633
    ],
    "uvot_m2": [
        4.762317369736437,
        0.6189173936560213,
        0.6955838576619371
    ],
    "uvot_w1": [
        9.722514354181333,
        0.7306042210846453,
        0.7351162564836962
    ],
    "uvot_w2": [
        4.399428843046021,
        0.6685642337344095,
        0.8138809447400712
    ],
    "uvot_v": [
        281.5235052281519,
        12.337042731013014,
        8.872102518317945
    ],
    "u_r": [
        2.3607646543361915,
        0.048442165727371034,
        0.09317163312150889
    ]
}