{
    "galex_FUV": [
        407.52095536141496,
        145.72695518388048,
        173.2367202211691
    ],
    "galex_NUV": [
        1397.9982284279758,
        134.8729729171946,
        130.7546169384807
    ],
    "sdss_u0": [
        8592.517000745902,
        625.7259461687117,
        313.9643061120714
    ],
    "sdss_g0": [
        38558.23103464837,
        1127.8768664187737,
        2158.8013359038887
    ],
    "sdss_r0": [
        78610.99052414585,
        1616.5291502072068,
        2406.8303856401617
    ],
    "sdss_i0": [
        108210.34454515885,
        2570.189018958641,
        1808.3896231425751
    ],
    "sdss_z0": [
        138726.51368937868,
        4826.444452399475,
        2751.4192385447386
    ],
    "wise_w1": [
        108817.51849325703,
        8922.267199178197,
        12952.753791908122
    ],
    "wise_w2": [
        61896.576330398944,
        5258.436549935614,
        7439.887148403621
    ],
    "wise_w3": [
        221875.32611932547,
        96866.8871850794,
        75308.84920734313
    ],
    "uvot_b": [
        11.673957000683405,
        0.29097276297860475,
        0.6561581442555315
    ],
    "uvot_u": [
        3.383200849674083,
        0.21007710285846581,
        0.13332836438140827
    ],
    "uvot_m2": [
        0.4860702960696629,
        0.028225315556516195,
        0.03843815511913279
    ],
    "uvot_w1": [
        0.9865786927249064,
        0.04757559796130517,
        0.034426277886719925
    ],
    "uvot_w2": [
        0.41970995956511237,
        0.03276379185324341,
        0.03395823108930718
    ],
    "uvot_v": [
        20.456337455959137,
        0.4619409368777312,
        0.6613102634987449
    ]
}