{
    "galex_FUV": [
        330.64079559200434,
        860.2960336426803,
        216.7591431398718
    ],
    "galex_NUV": [
        4437.9899089155215,
        1258.5841319493647,
        1055.43058643326
    ],
    "sdss_u0": [
        23773.654908054898,
        1761.546587091565,
        631.6508218114577
    ],
    "sdss_g0": [
        101927.45926241645,
        2877.9453989747562,
        3072.168988249192
    ],
    "sdss_r0": [
        187793.61760949678,
        3831.403859905986,
        4584.320945622487
    ],
    "sdss_i0": [
        243540.04647323824,
        6080.5547335163865,
        5061.9350315876945
    ],
    "sdss_z0": [
        304316.9896750328,
        7642.337779389578,
        9640.797058312746
    ],
    "uvot_b": [
        30.771639687003315,
        0.9390944835978026,
        0.8540636593605306
    ],
    "uvot_u": [
        9.000758173137191,
        0.5256665047100544,
        0.27450193557986147
    ],
    "uvot_m2": [
        1.5220058457759866,
        0.3558476077842361,
        0.26123044848099375
    ],
    "uvot_w1": [
        2.8917383966790142,
        0.3486946696993658,
        0.27586205481777526
    ],
    "uvot_w2": [
        1.2808361870194338,
        0.34695719383035684,
        0.26384372810926116
    ],
    "uvot_v": [
        49.49215627169004,
        0.9656401894513138,
        1.3057487070787275
    ],
    "u_r": [
        2.2427817607805975,
        0.019283304329900997,
        0.06268026969734519
    ]
}