{
    "galex_FUV": [
        22873.44191193213,
        8637.74350716381,
        7710.542810655967
    ],
    "galex_NUV": [
        177749.15072428575,
        6860.749859707168,
        9452.298953235178
    ],
    "sdss_u0": [
        1090056.6697063153,
        18644.751264733728,
        33683.0433891376
    ],
    "sdss_g0": [
        4066928.2243353655,
        115979.60415110132,
        81115.32248699386
    ],
    "sdss_r0": [
        6264221.628222455,
        89181.23826029059,
        148300.69542842172
    ],
    "sdss_i0": [
        7664704.359255572,
        230474.6581171509,
        256502.21312160697
    ],
    "sdss_z0": [
        9122028.116632633,
        266600.02417513356,
        390634.9681494124
    ],
    "wise_w1": [
        5411128.531623573,
        592667.846291326,
        276504.7556366585
    ],
    "wise_w2": [
        2935155.5124150803,
        488396.5868071234,
        156895.72941029584
    ],
    "wise_w3": [
        2446752.493377985,
        3556660.580129569,
        882373.3322977079
    ],
    "uvot_b": [
        927.2935637660803,
        39.52955366117658,
        19.002958816491173
    ],
    "uvot_u": [
        272.5312893219384,
        4.971167029820492,
        8.978686377165786
    ],
    "uvot_m2": [
        46.61241914652368,
        1.8196898518728588,
        2.700698745050019
    ],
    "uvot_w1": [
        83.86718794133327,
        1.6778314024524832,
        3.481278185825289
    ],
    "uvot_w2": [
        37.59519332319502,
        1.6543323180903684,
        1.646156204284516
    ],
    "uvot_v": [
        1471.9512015632336,
        23.57442762974233,
        23.819793956024114
    ],
    "u_r": [
        1.9083125092305573,
        0.022686619035594102,
        0.029842294546085224
    ]
}