{
    "galex_FUV": [
        40.70606406132191,
        19.611715922664978,
        11.566209669741006
    ],
    "galex_NUV": [
        1147.2555777541086,
        134.19957119890933,
        123.33635023125896
    ],
    "sdss_u0": [
        21565.703944288678,
        1251.973336734798,
        2383.043956074922
    ],
    "sdss_g0": [
        102133.31340277618,
        2968.416013701033,
        2611.6565746325796
    ],
    "sdss_r0": [
        217256.6707113097,
        5639.135279503709,
        3986.919545486511
    ],
    "sdss_i0": [
        297745.7384347308,
        5249.569459778839,
        8668.13961321296
    ],
    "sdss_z0": [
        412521.6162800513,
        9270.565249747888,
        11652.67105838249
    ],
    "wise_w1": [
        406814.0101834932,
        71599.2208184487,
        30970.0620745208
    ],
    "wise_w2": [
        270625.81007249595,
        54199.53511977667,
        28969.43485634605
    ],
    "wise_w3": [
        320619.0895895101,
        308760.6637398959,
        89484.37895046329
    ],
    "uvot_b": [
        31.075480809648468,
        0.9508518905779155,
        0.7020283116918122
    ],
    "uvot_u": [
        8.317810607243171,
        0.45299984053690245,
        0.6946493440146746
    ],
    "uvot_m2": [
        0.47866449743721834,
        0.06046800965214266,
        0.022503344883624876
    ],
    "uvot_w1": [
        1.7465460315823067,
        0.08110168545361263,
        0.13973099510941722
    ],
    "uvot_w2": [
        0.4461505854564508,
        0.038900932869123606,
        0.01926453935744943
    ],
    "uvot_v": [
        56.43691684531741,
        1.7274890931997646,
        0.8716250300853972
    ]
}