{
    "galex_FUV": [
        4.4238122384125066e+18,
        1.6541405262072182e+18,
        1.5051864053523876e+18
    ],
    "galex_FUV.0": [
        4.3643326580374794e+18,
        1.7136201065822454e+18,
        1.614502540910759e+18
    ],
    "galex_NUV": [
        1.1012352391002974e+19,
        1.2628203583084626e+18,
        1.366312103316988e+18
    ],
    "galex_NUV.0": [
        1.0951547667352726e+19,
        1.1486100435220439e+18,
        1.322431732168706e+18
    ],
    "ps_g": [
        4.3055703529839355e+20,
        2.3754631251124355e+19,
        1.6226398374490276e+19
    ],
    "ps_g.0": [
        4.3052267377171274e+20,
        2.216407695617989e+19,
        1.543172000558665e+19
    ],
    "ps_r": [
        7.365011745874583e+20,
        1.611550335007431e+19,
        1.3574955474446975e+19
    ],
    "ps_r.0": [
        7.376894378871304e+20,
        1.4416676488374387e+19,
        1.4763218774119023e+19
    ],
    "ps_i": [
        1.0207919715878425e+21,
        1.9327377909958443e+19,
        2.7040744773854167e+19
    ],
    "ps_i.0": [
        1.0211015832118462e+21,
        1.786592903233287e+19,
        2.7058638411667866e+19
    ],
    "ps_z": [
        1.2366144536720313e+21,
        2.848606914472444e+19,
        2.871822890666112e+19
    ],
    "ps_z.0": [
        1.2366144536720313e+21,
        2.848606914472444e+19,
        3.153179985379433e+19
    ],
    "ps_y": [
        1.3879463123689511e+21,
        3.3500610788135272e+19,
        3.716460191769874e+19
    ],
    "ps_y.0": [
        1.388019221030741e+21,
        3.4471246983677346e+19,
        3.837470284229981e+19
    ],
    "wise_w1": [
        7.851103597340511e+20,
        5.000674377003919e+19,
        5.982277800786408e+19
    ],
    "wise_w1.0": [
        7.915819832281612e+20,
        4.2924306507402445e+19,
        7.251443712141728e+19
    ],
    "wise_w2": [
        4.283036465946857e+20,
        3.3645356750947025e+19,
        3.3791271442530435e+19
    ],
    "wise_w2.0": [
        4.350081244783748e+20,
        2.694087886725795e+19,
        4.5044802851252404e+19
    ],
    "wise_w3": [
        5.466167304717793e+20,
        7.117883645517559e+20,
        2.8794351505558693e+20
    ],
    "wise_w3.0": [
        5.562975254907079e+20,
        7.09145592349142e+20,
        2.885742846768613e+20
    ],
    "sdss_g0": [
        1.0824177354227126e+17,
        6875372370513296.0,
        4061841715484992.0
    ],
    "sdss_g0.0": [
        1.0824177354227126e+17,
        6211210776197648.0,
        4052752468590752.0
    ],
    "sdss_i0": [
        2.7845511380355837e+17,
        5618084450087264.0,
        7514035156409536.0
    ],
    "sdss_i0.0": [
        2.7850884697241347e+17,
        5052181259963584.0,
        7450370654000512.0
    ],
    "sdss_r0": [
        2.026097378428569e+17,
        4487903565302912.0,
        3692423007336544.0
    ],
    "sdss_r0.0": [
        2.0272036071833427e+17,
        4306591686601408.0,
        3707606442416384.0
    ],
    "sdss_u0": [
        2.6790346598743892e+16,
        2848836347842768.0,
        1468518193284288.0
    ],
    "sdss_u0.0": [
        2.6712587598326824e+16,
        2845964724900200.0,
        1390759192867220.0
    ],
    "sdss_z0": [
        3.501729739188531e+17,
        8477409060625920.0,
        8099726108728384.0
    ],
    "sdss_z0.0": [
        3.5020901139408557e+17,
        8441371585393472.0,
        8810951080850112.0
    ],
    "uvot_b": [
        8.466789625801187e+16,
        6805679144048256.0,
        3140951824990128.0
    ],
    "uvot_b.0": [
        8.456062877226371e+16,
        6241418159806112.0,
        3033684339241968.0
    ],
    "uvot_u": [
        2.397282303928008e+16,
        2676585554390912.0,
        1271035738768332.0
    ],
    "uvot_u.0": [
        2.3872028755361228e+16,
        2715905191020080.0,
        1170241454849480.0
    ],
    "uvot_m2": [
        2747302268784667.0,
        364813216222211.5,
        368309081582059.0
    ],
    "uvot_m2.0": [
        2728171977905573.0,
        346714624811806.0,
        369519788372008.0
    ],
    "uvot_w1": [
        6367745206774023.0,
        413918069394005.0,
        499001115551413.0
    ],
    "uvot_w1.0": [
        6324428542107765.0,
        394367353841143.0,
        464912464139890.0
    ],
    "uvot_w2": [
        2626103579533794.0,
        311280289212563.0,
        406490085108388.75
    ],
    "uvot_w2.0": [
        2567824355872796.0,
        360284301231290.5,
        351212669495881.75
    ],
    "uvot_v": [
        1.5942945913396445e+17,
        6185743180943168.0,
        3754433258716448.0
    ],
    "uvot_v.0": [
        1.5942945913396445e+17,
        5865026471013664.0,
        3411110094384576.0
    ],
    "u_r": [
        2.18756814852724,
        0.0654790949487487,
        0.07925822348306788
    ],
    "u_r.0": [
        2.1908326827560667,
        0.062171149047543395,
        0.08252275771189455
    ]
}