{
    "galex_FUV": [
        2.656138047303897e+18,
        5.430104833356155e+17,
        6.646927770390449e+17
    ],
    "galex_FUV.0": [
        2.664178953194964e+18,
        5.3256297816969626e+17,
        6.727336829301117e+17
    ],
    "galex_NUV": [
        9.200689148892264e+18,
        3.833847948812206e+17,
        7.533152465324995e+17
    ],
    "galex_NUV.0": [
        9.175330543380406e+18,
        4.087434003930788e+17,
        7.279566410206413e+17
    ],
    "sdss_u0": [
        6.6900984194554405e+19,
        2.2750761900754534e+18,
        1.2764317130515988e+18
    ],
    "sdss_u0.0": [
        6.6899318165894504e+19,
        2.2767422187353539e+18,
        1.2747656843916984e+18
    ],
    "sdss_g0": [
        2.706320656962345e+20,
        4.568421698361164e+18,
        6.959034509396804e+18
    ],
    "sdss_g0.0": [
        2.6995777078043407e+20,
        5.242716614161596e+18,
        6.284739593596371e+18
    ],
    "sdss_r0": [
        4.4025576046035075e+20,
        6.97234804989526e+18,
        3.800189151060361e+18
    ],
    "sdss_r0.0": [
        4.4025576046035075e+20,
        6.97234804989526e+18,
        3.800189151060361e+18
    ],
    "sdss_i0": [
        5.737852919737337e+20,
        1.4697934709852275e+19,
        6.83616596407491e+18
    ],
    "sdss_i0.0": [
        5.740066954423869e+20,
        1.4476531241199075e+19,
        6.833788621775503e+18
    ],
    "sdss_z0": [
        7.259544355281856e+20,
        1.8344225668146266e+19,
        1.5086602586278068e+19
    ],
    "sdss_z0.0": [
        7.257461119078268e+20,
        2.421896879173822e+19,
        1.4640474109894853e+19
    ],
    "wise_w1": [
        6.408289987906467e+20,
        3.926395317116286e+19,
        8.153758595696558e+18
    ],
    "wise_w1.0": [
        6.404307423169509e+20,
        3.006419454307572e+19,
        9.000232394429039e+18
    ],
    "wise_w2": [
        3.81418044048388e+20,
        3.1294428917425635e+19,
        1.10666753485186e+19
    ],
    "wise_w2.0": [
        3.795456894013395e+20,
        2.3654350413969818e+19,
        9.194320701470081e+18
    ],
    "wise_w3": [
        1.297329214097591e+21,
        2.320842843717126e+20,
        2.8213082666708225e+20
    ],
    "wise_w3.0": [
        1.2706603242299555e+21,
        2.5633017035313565e+20,
        2.868317818597414e+20
    ],
    "uvot_b": [
        6.197254983336548e+16,
        1004215240414088.0,
        1790376662972888.0
    ],
    "uvot_b.0": [
        6.184377249519112e+16,
        1143577550914312.0,
        2096988229217344.0
    ],
    "uvot_u": [
        1.6395590626235688e+16,
        597615644300448.0,
        314821744316496.0
    ],
    "uvot_u.0": [
        1.639207786954921e+16,
        601128400986926.0,
        311308987630018.0
    ],
    "uvot_m2": [
        2368282346602496.0,
        103749507304773.5,
        207664003694459.25
    ],
    "uvot_m2.0": [
        2368282346602496.0,
        103749507304773.5,
        207664003694459.25
    ],
    "uvot_w1": [
        4693205914900717.0,
        158478154967247.0,
        219606773762016.0
    ],
    "uvot_w1.0": [
        4693205914900717.0,
        158478154967247.0,
        248427374126065.0
    ],
    "uvot_w2": [
        2119280630193960.2,
        125484411885841.0,
        184008128472570.25
    ],
    "uvot_w2.0": [
        2118601013844122.8,
        126164028235678.5,
        183328512122732.75
    ],
    "uvot_v": [
        1.0077251777426765e+17,
        1392885401219792.0,
        995544387876432.0
    ],
    "uvot_v.0": [
        1.0068191377997762e+17,
        1483489395509824.0,
        960646324472784.0
    ],
    "u_r": [
        2.047168721940125,
        0.023334138771927915,
        0.027444039585482027
    ],
    "u_r.0": [
        2.0474029652153654,
        0.023099895496687672,
        0.02767828286072227
    ]
}