{
    "galex_FUV": [
        166.89482925350384,
        705.8043341749933,
        119.73416694239774
    ],
    "galex_NUV": [
        3528.7060642767924,
        1196.4247554888839,
        589.9795728754948
    ],
    "sdss_u0": [
        26070.859529875637,
        1143.5339443106823,
        1148.6904024232463
    ],
    "sdss_g0": [
        102422.6850738564,
        4183.188569544742,
        1259.8792831160245
    ],
    "sdss_r0": [
        186843.7373375406,
        6159.41031961015,
        2943.517621457053
    ],
    "sdss_i0": [
        240018.43849527207,
        7537.812671261112,
        3983.3654778634373
    ],
    "sdss_z0": [
        288763.96824840177,
        8718.68395521742,
        4655.490329957451
    ],
    "uvot_b": [
        21.200985322711418,
        0.9911326297169119,
        0.49224066909563646
    ],
    "uvot_u": [
        6.4354291783750925,
        0.29955024536878483,
        0.30516958936038474
    ],
    "uvot_m2": [
        0.9036521221119296,
        0.3238297765680309,
        0.16626919278040508
    ],
    "uvot_w1": [
        1.8199976735605028,
        0.3237185402141143,
        0.1546021483434088
    ],
    "uvot_w2": [
        0.6393554548534991,
        0.31494282014898833,
        0.12269548411237097
    ],
    "uvot_v": [
        41.428891030711654,
        1.369914903737751,
        0.5996355260332393
    ],
    "u_r": [
        2.155555600676594,
        0.031199922754826304,
        0.040755974533487116
    ]
}