{
    "galex_FUV": [
        365.1054635303081,
        993.9160392818765,
        251.22381107817557
    ],
    "galex_NUV": [
        4468.962484677896,
        1863.5227636310156,
        1045.4683119292986
    ],
    "sdss_u0": [
        23773.654908054898,
        1761.546587091565,
        631.6508218114577
    ],
    "sdss_g0": [
        101927.45926241645,
        2757.861450171011,
        3361.859293376532
    ],
    "sdss_r0": [
        187712.80171891412,
        3478.3030677461647,
        4999.57386550447
    ],
    "sdss_i0": [
        243540.04647323824,
        6080.5547335163865,
        5294.424508878787
    ],
    "sdss_z0": [
        304316.9896750328,
        7642.337779389578,
        9640.797058312746
    ],
    "uvot_b": [
        30.78311874408836,
        0.897633805050237,
        0.8677498185295427
    ],
    "uvot_u": [
        9.000758173137191,
        0.47282040141370274,
        0.27450193557986147
    ],
    "uvot_m2": [
        1.536400890863778,
        0.525688017282741,
        0.2756254935687852
    ],
    "uvot_w1": [
        2.909835407915056,
        0.543621420562876,
        0.29395906605381716
    ],
    "uvot_w2": [
        1.293663229922982,
        0.5168908470686429,
        0.27387987026463745
    ],
    "uvot_v": [
        49.48517952127675,
        0.8409572676045727,
        1.3623616561283072
    ]
}