{
    "galex_FUV": [
        6.0964165214237935,
        3.2082993908116153,
        0.8978261794279687
    ],
    "galex_NUV": [
        140.7700488357859,
        45.23663366379043,
        63.20309401557677
    ],
    "sdss_u0": [
        3036.3254174967187,
        151.05263196066971,
        150.67443409001726
    ],
    "sdss_g0": [
        16103.930718836056,
        628.3312216255235,
        412.52177902379117
    ],
    "sdss_r0": [
        40312.77081135964,
        1252.9144045722423,
        1108.5319225841304
    ],
    "sdss_i0": [
        61113.9713783907,
        1223.1935406426855,
        3249.3739363494533
    ],
    "sdss_z0": [
        84343.7433679515,
        3512.7956011583447,
        1847.1903855165292
    ],
    "wise_w1": [
        78838.88105536535,
        6779.710478986264,
        2776.4560192525387
    ],
    "wise_w2": [
        46602.76056704299,
        2542.393053493004,
        2913.3705833482672
    ],
    "wise_w3": [
        124656.88939275946,
        34470.31341127823,
        78892.53073109715
    ],
    "uvot_b": [
        4.93597461932989,
        0.15191734863964257,
        0.15446222719762304
    ],
    "uvot_u": [
        1.222928050766267,
        0.10722735932509275,
        0.06355001426003315
    ],
    "uvot_m2": [
        0.06271582986496979,
        0.017370643478988326,
        0.02546104789978238
    ],
    "uvot_w1": [
        0.24781199334791798,
        0.03074705968454622,
        0.033327103150004034
    ],
    "uvot_w2": [
        0.06078302453918266,
        0.01167291513873786,
        0.014946409421117676
    ],
    "uvot_v": [
        10.337040334601586,
        0.3052088373669868,
        0.2612546283790316
    ],
    "u_r": [
        2.8139457003373165,
        0.0437999986749249,
        0.05921164184501304
    ]
}