{
    "galex_FUV": [
        316.592521459022,
        541.2067346015765,
        300.4018897059963
    ],
    "galex_NUV": [
        1477.6945663020226,
        657.4958517173143,
        640.4713357248396
    ],
    "ps_g": [
        34784.40667966071,
        1601.219027760446,
        1580.8511766532101
    ],
    "ps_r": [
        64199.65596949943,
        2254.734355521905,
        1723.5058608726322
    ],
    "ps_i": [
        87384.78657068814,
        1872.1822385628038,
        2360.780232815756
    ],
    "ps_z": [
        107930.05505990873,
        1878.998554544698,
        2501.6269462076016
    ],
    "ps_y": [
        118196.51512268916,
        3391.268096965243,
        3025.965560468525
    ],
    "wise_w1": [
        86740.96097140787,
        9531.40629326702,
        9832.953539638023
    ],
    "wise_w2": [
        51545.37086939723,
        6062.061520565214,
        6447.382751312063
    ],
    "wise_w3": [
        141828.01867927972,
        117317.17953284545,
        44905.35745238743
    ],
    "sdss_g0": [
        8.4829831724917,
        0.4282450965523523,
        0.4776729246134863
    ],
    "sdss_i0": [
        23.93113798574177,
        0.5024232127288926,
        0.6670475514859397
    ],
    "sdss_r0": [
        17.630049138450026,
        0.6181481631279446,
        0.46611339975679655
    ],
    "sdss_u0": [
        1.9997115061950348,
        0.3033650192581163,
        0.1534838200127231
    ],
    "sdss_z0": [
        30.59746833585751,
        0.5916548027686446,
        0.7175703034361369
    ],
    "uvot_b": [
        6.004097533118673,
        0.2804261780635908,
        0.5761063856463284
    ],
    "uvot_u": [
        1.7529964667994276,
        0.33034148400711283,
        0.1491808365685412
    ],
    "uvot_m2": [
        0.3873042258891546,
        0.18307502417397847,
        0.17801572349022962
    ],
    "uvot_w1": [
        0.629276660085422,
        0.19700133653577312,
        0.1973456356186028
    ],
    "uvot_w2": [
        0.29970362733770795,
        0.1747651958983456,
        0.1562878201108673
    ],
    "uvot_v": [
        13.767148475943287,
        0.5621432575345988,
        0.36999074972459844
    ],
    "u_r": [
        2.3692629583699225,
        0.07190363571775826,
        0.11150766477576868
    ]
}