{
    "ps_g": [
        1.534446181231587e+20,
        5.090541854035378e+18,
        5.133683239141409e+18
    ],
    "ps_g.0": [
        1.531535731830771e+20,
        5.360936507424178e+18,
        4.842638299059814e+18
    ],
    "ps_r": [
        2.4052809699079147e+20,
        7.748437235411976e+18,
        8.852863568295264e+18
    ],
    "ps_r.0": [
        2.4011481854646328e+20,
        7.069186005503541e+18,
        8.439585123967074e+18
    ],
    "ps_z": [
        4.332223246963178e+20,
        3.116106327975946e+19,
        2.303904827444337e+19
    ],
    "ps_z.0": [
        4.3144793022652967e+20,
        3.163042990188403e+19,
        2.0446791612209365e+19
    ],
    "galex_NUV": [
        2.173579409217527e+19,
        2.1011536941809787e+18,
        1.5633945892548936e+18
    ],
    "galex_NUV.0": [
        2.1770682019405455e+19,
        2.0851950984448778e+18,
        1.5238531849904128e+18
    ],
    "galex_FUV": [
        1.4557235640436865e+19,
        1.9716609982105027e+18,
        1.1353322392027259e+18
    ],
    "galex_FUV.0": [
        1.455732930724705e+19,
        1.986749671259181e+18,
        1.130082236633856e+18
    ],
    "wise_w1": [
        4.98948012608392e+20,
        4.17335725904971e+19,
        7.640391506475103e+19
    ],
    "wise_w1.0": [
        4.949684422454995e+20,
        4.571314295338959e+19,
        6.980016289324132e+19
    ],
    "wise_w2": [
        3.071489131556563e+20,
        2.9946871651763094e+19,
        5.050466309226103e+19
    ],
    "wise_w2.0": [
        3.071489131556563e+20,
        2.83629865790695e+19,
        4.96071895708519e+19
    ],
    "wise_w3": [
        2.712270395919655e+21,
        2.8265390113865544e+20,
        3.70153619007124e+20
    ],
    "wise_w3.0": [
        2.709296353702653e+21,
        2.8562794335565722e+20,
        3.666004387292114e+20
    ],
    "sdss_g0": [
        3.9476079672506184e+16,
        1624741557911800.0,
        1321901829791720.0
    ],
    "sdss_g0.0": [
        3.9476079672506184e+16,
        1528747061408232.0,
        1290960401347600.0
    ],
    "sdss_i0": [
        9.194365601239006e+16,
        4776199156462080.0,
        3198804487931856.0
    ],
    "sdss_i0.0": [
        9.192737101639069e+16,
        4191788080365392.0,
        3182519491932480.0
    ],
    "sdss_r0": [
        6.601700424087286e+16,
        2190851198282408.0,
        2364569609839624.0
    ],
    "sdss_r0.0": [
        6.594369882541897e+16,
        1924991109674952.0,
        2291264194385728.0
    ],
    "sdss_u0": [
        1.3226151244163026e+16,
        851483615947548.0,
        646528304310592.0
    ],
    "sdss_u0.0": [
        1.3228729249361768e+16,
        849011964972702.0,
        602280654122272.0
    ],
    "sdss_z0": [
        1.2450359096986482e+17,
        1.0458196357016832e+16,
        7071009323310384.0
    ],
    "sdss_z0.0": [
        1.237229164744169e+17,
        9307492405122944.0,
        6290334827862464.0
    ],
    "uvot_b": [
        3.332580332932518e+16,
        1593312813497572.0,
        1207831846592044.0
    ],
    "uvot_b.0": [
        3.332580332932518e+16,
        1502059075416184.0,
        1075285899335220.0
    ],
    "uvot_u": [
        1.2326073856852916e+16,
        791763403441272.0,
        617391620960854.0
    ],
    "uvot_u.0": [
        1.2326073856852916e+16,
        826504442175868.0,
        567769061231648.0
    ],
    "uvot_m2": [
        5879024140382518.0,
        580795245172350.0,
        417355139563602.0
    ],
    "uvot_m2.0": [
        5910344935627132.0,
        571414150096323.0,
        448675934808216.0
    ],
    "uvot_w1": [
        7115300011226771.0,
        538240805692252.0,
        474729964467902.0
    ],
    "uvot_w1.0": [
        7117803204455478.0,
        598360538349231.0,
        435579970343361.0
    ],
    "uvot_w2": [
        5478808515879407.0,
        516682711189732.0,
        407436339495346.0
    ],
    "uvot_w2.0": [
        5496534332889561.0,
        568845354251718.0,
        396375630750605.0
    ],
    "uvot_v": [
        5.323648886383986e+16,
        1835792745451744.0,
        1759808234458488.0
    ],
    "uvot_v.0": [
        5.322940935887683e+16,
        1721285414382304.0,
        1641501132786736.0
    ],
    "u_r": [
        1.7488713111649308,
        0.0509024754858276,
        0.08224858287064718
    ],
    "u_r.0": [
        1.7448824690206184,
        0.05489131763013999,
        0.08004674811575119
    ]
}