{
    "ps_g": [
        23476.23554784892,
        1026.4579384155513,
        812.3132364625562
    ],
    "ps_r": [
        40159.00334731934,
        1060.724813996545,
        2002.9908321571274
    ],
    "ps_z": [
        73938.61531458871,
        2726.5274071936874,
        3614.767392350259
    ],
    "galex_NUV": [
        3926.024387427001,
        266.53471426014585,
        387.59819408397243
    ],
    "galex_FUV": [
        2633.0676234575694,
        156.0421722089368,
        380.5207099778395
    ],
    "wise_w1": [
        104753.68025420088,
        9581.616735232848,
        4867.442210559733
    ],
    "wise_w2": [
        62461.7820064556,
        13910.657590114162,
        3123.1182749029977
    ],
    "wise_w3": [
        495854.7985280766,
        94141.04630501987,
        105778.67119145225
    ],
    "sdss_g0": [
        7.661230640297584,
        0.26330579908484175,
        0.29582809082882555
    ],
    "sdss_i0": [
        18.316308073691154,
        0.44881571106131446,
        0.8552922352923105
    ],
    "sdss_r0": [
        12.95335358486884,
        0.40582366954288496,
        0.5875820188341496
    ],
    "sdss_u0": [
        2.5146018963396197,
        0.16473202068249337,
        0.10202031538124823
    ],
    "sdss_z0": [
        24.649814698446665,
        1.7985409942044406,
        1.1357370225331351
    ],
    "uvot_b": [
        6.418643368397622,
        0.3061820640537185,
        0.2137347439836379
    ],
    "uvot_u": [
        2.3472995186049412,
        0.15287774992734704,
        0.09730410617251506
    ],
    "uvot_m2": [
        1.1588418868175427,
        0.08108600818460632,
        0.10622074709739948
    ],
    "uvot_w1": [
        1.3695060652490827,
        0.09931595318280428,
        0.08506980434899258
    ],
    "uvot_w2": [
        1.0844023269740273,
        0.06959290224411907,
        0.10985915937679724
    ],
    "uvot_v": [
        10.43476665548807,
        0.2833294385160894,
        0.527625207787926
    ],
    "u_r": [
        1.771803743935276,
        0.041145713589438415,
        0.07109745400653522
    ]
}