{
    "galex_FUV": [
        21339.835807376538,
        18039.453948866558,
        18058.688460427566
    ],
    "galex_NUV": [
        177151.02055313793,
        6573.7145925349905,
        13471.679991264682
    ],
    "sdss_u0": [
        1042148.9640622376,
        43797.808013610076,
        40906.972804003395
    ],
    "sdss_g0": [
        3833807.21173333,
        149707.41230986267,
        91958.77760226559
    ],
    "sdss_r0": [
        6609473.064956289,
        138668.05693595577,
        183149.20067206305
    ],
    "sdss_i0": [
        8082503.0911370255,
        263966.4007868096,
        163974.88829470053
    ],
    "sdss_z0": [
        9336390.935293859,
        442734.14140679874,
        200257.70900187083
    ],
    "wise_w1": [
        4458532.525147318,
        498292.0868366044,
        404299.9723921078
    ],
    "wise_w2": [
        2523694.5254240762,
        288931.90095826844,
        222268.13921107678
    ],
    "wise_w3": [
        1288052.5395415227,
        1712856.9871395424,
        318989.2601194328
    ],
    "uvot_b": [
        1147.8918837622246,
        44.1988380603475,
        27.915579206737675
    ],
    "uvot_u": [
        392.8273156143408,
        18.061440852415274,
        13.293618410453803
    ],
    "uvot_m2": [
        63.641074964890294,
        2.0640466516240963,
        5.136404308434301
    ],
    "uvot_w1": [
        123.5109193493741,
        3.037413484802144,
        7.265144323036253
    ],
    "uvot_w2": [
        50.88419910314797,
        1.7917642054398684,
        3.28295459142484
    ],
    "uvot_v": [
        1759.6513728378843,
        33.97637250121193,
        54.58417448117984
    ]
}