{
    "galex_FUV": [
        988.6880869375583,
        1578.8386604033262,
        972.0992345920699
    ],
    "galex_NUV": [
        1849.1804484617442,
        2401.7880547957247,
        957.9701646420945
    ],
    "sdss_u0": [
        7707.983698721269,
        1583.0589856595816,
        507.8963310741383
    ],
    "sdss_g0": [
        29326.480905401713,
        775.9845405486449,
        904.4997535364018
    ],
    "sdss_r0": [
        52729.27887785178,
        1545.7564635439703,
        1101.2516439995816
    ],
    "sdss_i0": [
        68911.95082741253,
        1491.815508361513,
        1977.9443789256475
    ],
    "sdss_z0": [
        84089.65074191682,
        3873.458863159496,
        2650.2184527910576
    ],
    "wise_w1": [
        54931.0300927843,
        32351.990861777384,
        10642.825957447989
    ],
    "wise_w2": [
        31305.084876392262,
        18681.122418418396,
        6179.789402218805
    ],
    "wise_w3": [
        127862.25970807516,
        547153.6623254977,
        87423.77741249086
    ],
    "uvot_b": [
        8.788171597343021,
        0.22888810042676155,
        0.2603351568369696
    ],
    "uvot_u": [
        2.9454660048746004,
        0.26139934159062195,
        0.16137720519972376
    ],
    "uvot_m2": [
        0.5898606754587882,
        0.6905987498777971,
        0.2474919427689865
    ],
    "uvot_w1": [
        0.9769266732535185,
        0.6914536274245189,
        0.19484533521106595
    ],
    "uvot_w2": [
        0.5304043581960429,
        0.6456497295956625,
        0.263624319915388
    ],
    "uvot_v": [
        13.905008797137617,
        0.37814039055328763,
        0.32287712622909304
    ],
    "u_r": [
        2.107194017510894,
        0.05136629247984148,
        0.220792022187847
    ]
}