{
    "uvot_u": [
        885633.2365964679,
        23318.60807718942,
        21960.859743510257
    ],
    "uvot_b": [
        3293275.999308864,
        70637.42050699424,
        46293.462669676635
    ],
    "uvot_v": [
        5739565.275829251,
        105816.00564625114,
        113477.44335405342
    ],
    "ps_g": [
        4407453.60877206,
        91246.07806850597,
        77263.16549581569
    ],
    "ps_r": [
        7214499.2967213,
        134928.82779972814,
        113385.9968199674
    ],
    "ps_i": [
        9832492.667108702,
        140996.14490559883,
        154555.14429968037
    ],
    "ps_z": [
        11739784.667863714,
        148411.14165827073,
        224933.35462800227
    ],
    "wise_w1": [
        8166483.689166056,
        685431.4117200263,
        324770.57840446476
    ],
    "wise_w2": [
        4467431.627675151,
        379856.73979132157,
        198560.29800418764
    ],
    "wise_w3": [
        15071371.125551129,
        6002506.821021186,
        2282399.2987310626
    ],
    "galex_FUV": [
        4.368062083607522,
        5.448173824347758,
        1.7535989169804491
    ],
    "galex_NUV": [
        40.388495337800876,
        7.746468512316618,
        5.650198146685675
    ],
    "sdss_g0": [
        1121.457500304951,
        22.807267450685003,
        20.700606373771507
    ],
    "sdss_i0": [
        2684.433990532749,
        38.18245943408556,
        44.03744782956028
    ],
    "sdss_r0": [
        1982.992777380003,
        38.39955239829851,
        30.8547727145924
    ],
    "sdss_u0": [
        270.271453935248,
        6.261881858292554,
        7.287744318617001
    ],
    "sdss_z0": [
        3324.412832646147,
        49.792414212376116,
        70.3889809812622
    ],
    "uvot_m2": [
        37.14181508617733,
        7.21274865131025,
        5.129274581432988
    ],
    "uvot_w1": [
        73.99370017776977,
        7.593683662330591,
        7.065678503741353
    ],
    "uvot_w2": [
        30.943544877497974,
        6.667530001459564,
        4.558005172679724
    ],
    "u_r": [
        2.165979906107756,
        0.019510512190581863,
        0.020611230630271038
    ]
}