{
    "galex_FUV": [
        6.112262939414775,
        3.192452972820634,
        0.9046856030587991
    ],
    "galex_NUV": [
        140.7700488357859,
        44.56507346468237,
        59.02247696620951
    ],
    "sdss_u0": [
        3046.871390622263,
        140.50665883512556,
        159.24542495232345
    ],
    "sdss_g0": [
        16131.13104318394,
        648.1301747753587,
        393.3013222092377
    ],
    "sdss_r0": [
        40652.714682434766,
        1001.944320283219,
        1392.6220407105793
    ],
    "sdss_i0": [
        61286.493912487465,
        1609.602311822302,
        3421.8964704462196
    ],
    "sdss_z0": [
        84840.93152475849,
        3109.7220053209894,
        2325.158397404113
    ],
    "wise_w1": [
        78815.3234992859,
        6803.268035065703,
        3098.1686180936376
    ],
    "wise_w2": [
        46612.400953446304,
        2532.7526670896914,
        2935.72406573435
    ],
    "wise_w3": [
        124161.45801503008,
        20793.981494705396,
        77310.78160626114
    ],
    "uvot_b": [
        4.947441484003752,
        0.168544788300375,
        0.1416006987713656
    ],
    "uvot_u": [
        1.223953520113904,
        0.0913029342711269,
        0.06449463774819542
    ],
    "uvot_m2": [
        0.06266033730056171,
        0.017228284231041002,
        0.02344122176805047
    ],
    "uvot_w1": [
        0.24817631616363695,
        0.030382736868827254,
        0.03249914357383188
    ],
    "uvot_w2": [
        0.06078302453918266,
        0.01167291513873786,
        0.012680179392089846
    ],
    "uvot_v": [
        10.414234075005599,
        0.2453696718261913,
        0.33170742474425374
    ]
}