{
    "uvot_u": [
        909750.8123657587,
        95689.44564807066,
        51606.31247468456
    ],
    "uvot_b": [
        2974857.160742678,
        112841.14419358177,
        124093.71824212652
    ],
    "uvot_v": [
        5990371.726846069,
        160246.69623601437,
        399626.37285689823
    ],
    "ps_g": [
        4432390.18102154,
        108098.11102252733,
        243437.28443710878
    ],
    "ps_r": [
        7523372.961954743,
        184457.56093467772,
        473493.2678415766
    ],
    "ps_i": [
        9824214.733668167,
        216005.2867106311,
        345454.2603050526
    ],
    "ps_z": [
        11671660.647769948,
        317465.8740741983,
        481255.9876109399
    ],
    "wise_w1": [
        6766194.659216018,
        1430338.6080712844,
        324981.7866370389
    ],
    "wise_w2": [
        3836988.187733111,
        833007.2198931752,
        188149.65164149227
    ],
    "wise_w3": [
        6363204.53270076,
        14862717.292419737,
        2681387.939811044
    ],
    "galex_FUV": [
        1.7031342335503397,
        86.16459103338846,
        0.23063288644551272
    ],
    "galex_NUV": [
        52.945634852289686,
        75.33230835795496,
        3.497559667236615
    ],
    "sdss_g0": [
        1454.5038041891478,
        30.977449640650775,
        89.79289370836977
    ],
    "sdss_i0": [
        3034.2502888063,
        54.414900837180085,
        104.33102882621006
    ],
    "sdss_r0": [
        2377.6254357693524,
        56.44885184558598,
        121.3347561085211
    ],
    "sdss_u0": [
        437.6629224972983,
        19.70073945697851,
        15.685052999589175
    ],
    "sdss_z0": [
        3473.892058309371,
        166.01278208460735,
        116.26235184565166
    ],
    "uvot_m2": [
        46.38790060242127,
        77.26552314429455,
        3.1587083389364494
    ],
    "uvot_w1": [
        106.78082284678766,
        64.30941238178758,
        3.978033466403346
    ],
    "uvot_w2": [
        36.26162748130717,
        80.54108783449368,
        2.2446654350255955
    ],
    "u_r": [
        1.8183595902193572,
        0.07560816289345507,
        0.038540893029076484
    ]
}