{
    "galex_FUV": [
        4754.37549043579,
        7817.669430302687,
        4530.419509139072
    ],
    "galex_NUV": [
        17110.304444189627,
        8541.710595518041,
        1183.730121068762
    ],
    "ps_g": [
        724172.7810870307,
        29187.257882688544,
        24036.237151256646
    ],
    "ps_r": [
        1333690.4916323402,
        52986.13857412315,
        20659.90840017493
    ],
    "ps_i": [
        1842391.1501048757,
        36374.17521590972,
        37890.46035478613
    ],
    "ps_z": [
        2277982.8392759934,
        35619.81879242137,
        33949.67757770559
    ],
    "ps_y": [
        2519949.364327221,
        51872.22717732098,
        47772.822982149664
    ],
    "wise_w1": [
        1765535.6159615442,
        149232.42810783396,
        217609.354587293
    ],
    "wise_w2": [
        1005121.1150536063,
        95107.28546465223,
        119872.84066402528
    ],
    "wise_w3": [
        2467349.4655395662,
        1346176.7096287557,
        1370374.2424144766
    ],
    "sdss_g0": [
        242.46913734447583,
        10.009422215670071,
        6.3265522131997045
    ],
    "sdss_i0": [
        584.5978573458159,
        9.653065917134086,
        10.898002866308161
    ],
    "sdss_r0": [
        433.67927587433513,
        13.53430102216879,
        7.960168175734111
    ],
    "sdss_u0": [
        64.2058045049022,
        2.6077159915435004,
        2.8040858442697782
    ],
    "sdss_z0": [
        704.0911868166897,
        16.477363311314548,
        13.93083676998458
    ],
    "uvot_b": [
        196.21218553518847,
        7.379264806537861,
        6.975501960780008
    ],
    "uvot_u": [
        57.06800284466911,
        2.894955500960066,
        2.074672077975329
    ],
    "uvot_m2": [
        6.4260135006892165,
        2.06913157129729,
        0.312989539940026
    ],
    "uvot_w1": [
        15.54539754455463,
        1.169674301474581,
        0.637436805583464
    ],
    "uvot_w2": [
        5.356183138393124,
        2.414380545779216,
        0.32917329967834785
    ],
    "uvot_v": [
        346.72248220248065,
        14.300938775040095,
        5.889882315396733
    ],
    "u_r": [
        2.0745670183483145,
        0.044521168616369344,
        0.015611237640547948
    ]
}