{
    "ps_g": [
        30148.784404196176,
        1010.6876117598003,
        1264.5331622591984
    ],
    "ps_r": [
        53291.65604149914,
        1396.2461007849924,
        1857.5097287122917
    ],
    "ps_i": [
        70703.05525538133,
        1646.1707617735956,
        1992.3877999593824
    ],
    "ps_z": [
        84697.06532341037,
        2187.4703787265316,
        2492.1805756432004
    ],
    "ps_y": [
        90923.73329417928,
        3257.881968164482,
        3306.335571935473
    ],
    "wise_w1": [
        52003.447602604574,
        5899.840576323135,
        4275.467977414541
    ],
    "wise_w2": [
        29452.67369550867,
        3982.028361769295,
        2615.9557110093992
    ],
    "wise_w3": [
        29758.794384111206,
        45978.947026974485,
        18819.0868021828
    ],
    "galex_FUV": [
        0.004092909324102863,
        0.009123926040853702,
        0.0011120546379121297
    ],
    "galex_NUV": [
        0.17161115354046982,
        0.04896051100238474,
        0.027491391852334457
    ],
    "sdss_g0": [
        7.45153155352122,
        0.27619552547580817,
        0.3014856979955187
    ],
    "sdss_i0": [
        19.35357668254939,
        0.41973232510149217,
        0.5547294683524839
    ],
    "sdss_r0": [
        14.682778467860533,
        0.38418630246208885,
        0.5700821058837953
    ],
    "sdss_u0": [
        1.8347711302025933,
        0.11654459460347955,
        0.15140652717653613
    ],
    "sdss_z0": [
        23.923813171807318,
        0.5889407883363127,
        0.8498552461538509
    ],
    "uvot_b": [
        5.384533646095594,
        0.38002412863154333,
        0.22929577666346912
    ],
    "uvot_u": [
        1.6263770264284525,
        0.10534311913501626,
        0.1281126626023561
    ],
    "uvot_m2": [
        0.1543487597692078,
        0.04539580294930806,
        0.024759922787673944
    ],
    "uvot_w1": [
        0.3818233674189863,
        0.05638407176876398,
        0.03213377070955997
    ],
    "uvot_w2": [
        0.11000550303552355,
        0.0342029366395805,
        0.016138411203609926
    ],
    "uvot_v": [
        11.495604041097604,
        0.33915308598007776,
        0.5003241114379353
    ],
    "u_r": [
        2.2665729960230117,
        0.0468108948711512,
        0.06402579664016983
    ]
}