{
    "galex_FUV": [
        381.91080148142606,
        171.33710906386938,
        151.99010118674929
    ],
    "galex_NUV": [
        1397.2579162691263,
        139.48488281188452,
        118.9280645740007
    ],
    "sdss_u0": [
        8595.03863859756,
        623.2043083170538,
        331.21654465533175
    ],
    "sdss_g0": [
        38676.33587132739,
        1031.5417155685573,
        2234.523972502553
    ],
    "sdss_r0": [
        78268.39482512651,
        1975.8113586742693,
        2049.0768302093784
    ],
    "sdss_i0": [
        108079.94364436489,
        2564.7550477523037,
        1773.0480288580002
    ],
    "sdss_z0": [
        138687.39760258622,
        3818.9174881779763,
        2810.501060880604
    ],
    "wise_w1": [
        109338.01186185548,
        8119.474873434112,
        12830.662929895363
    ],
    "wise_w2": [
        62197.33739853387,
        4950.175720651372,
        7265.5901629006985
    ],
    "wise_w3": [
        223751.33218287802,
        94990.88112152685,
        69002.968241172
    ],
    "uvot_b": [
        11.68795899316771,
        0.29880194114947045,
        0.6701601367398364
    ],
    "uvot_u": [
        3.3730514585821236,
        0.22022649395042526,
        0.12641311454701443
    ],
    "uvot_m2": [
        0.4839976472189797,
        0.03444885694679495,
        0.03191690304627148
    ],
    "uvot_w1": [
        0.9875834381874941,
        0.052085534034277736,
        0.04201636027168876
    ],
    "uvot_w2": [
        0.4187548128227312,
        0.03502035825859828,
        0.030186009992829832
    ],
    "uvot_v": [
        20.40771817716883,
        0.5156566034656542,
        0.5882785019130701
    ],
    "u_r": [
        2.397138140773743,
        0.036715946238352615,
        0.04685904108694894
    ]
}