{
   "mass": [
      10.61312532333708,
      0.05774847611059997,
      0.05326761560771054
   ],
   "logzsol": [
      -0.2725168601486413,
      0.24531822130243475,
      0.2136458839422115
   ],
   "dust2": [
      0.746700609934333,
      0.16589015487481695,
      0.14257892241036774
   ],
   "tage": [
      2.6690337841440375,
      0.5828032183429004,
      0.8935826769927484
   ],
   "tau": [
      0.5920987437322147,
      0.14513571228284966,
      0.22751874375574177
   ],
   "GALEX_FUV": [
      19.62158342577061,
      0.04226275455535955,
      0.04802000936673778
   ],
   "GALEX_NUV": [
      19.020066961430864,
      0.04813593853737075,
      0.07095352937648869
   ],
   "sdss_g0": [
      16.018327321839408,
      0.02637054335193767,
      0.028622616290707725
   ],
   "sdss_i0": [
      14.877301685754738,
      0.03287914315384732,
      0.03428783428454096
   ],
   "sdss_r0": [
      15.269066197169625,
      0.026595296300003568,
      0.019221507795046833
   ],
   "sdss_u0": [
      17.572723116847826,
      0.03395227678227286,
      0.026508475271523224
   ],
   "sdss_z0": [
      14.564837642512881,
      0.03977327502965089,
      0.051995380047905826
   ],
   "uvot_B": [
      16.36134175169058,
      0.02888305660493984,
      0.028080189811152678
   ],
   "uvot_U": [
      17.671796843368433,
      0.032197353760778924,
      0.026213171724673856
   ],
   "uvot_UVM2": [
      19.042614124792834,
      0.044134668510061204,
      0.0689114884147628
   ],
   "uvot_UVW1": [
      18.677355496492527,
      0.04178707918088165,
      0.04871248354584523
   ],
   "uvot_UVW2": [
      19.158234621971832,
      0.03581031097697718,
      0.050531468286809655
   ],
   "uvot_V": [
      15.593333890971802,
      0.025282537418062745,
      0.022997432123581518
   ],
   "GALEX_FUV.0": [
      19.61817218500768,
      0.04183187020056067,
      0.04652575979204698
   ],
   "GALEX_NUV.0": [
      18.977614846249175,
      0.051631430918011034,
      0.06565652557985047
   ],
   "sdss_g0.0": [
      15.9082578949155,
      0.027253678151769378,
      0.024381627279115747
   ],
   "sdss_i0.0": [
      14.837963119101182,
      0.0313899719470605,
      0.037774704451678076
   ],
   "sdss_r0.0": [
      15.218440985054603,
      0.025279264161873982,
      0.017578337871377414
   ],
   "sdss_u0.0": [
      17.379111755324715,
      0.028494928716785495,
      0.025809816676485298
   ],
   "sdss_z0.0": [
      14.539199365649129,
      0.04058787961594845,
      0.06142235078648284
   ],
   "uvot_B.0": [
      16.17002477465718,
      0.02863537735560584,
      0.029847122885097832
   ],
   "uvot_U.0": [
      17.488869721510518,
      0.028263108357968747,
      0.02730682929416517
   ],
   "uvot_UVM2.0": [
      19.023211359647362,
      0.04994267462404167,
      0.06887853839052482
   ],
   "uvot_UVW1.0": [
      18.564333508998885,
      0.03807977241081062,
      0.04448628729380033
   ],
   "uvot_UVW2.0": [
      19.11181927979978,
      0.03914099081226041,
      0.0553892442647097
   ],
   "uvot_V.0": [
      15.519739673121109,
      0.0266847704924853,
      0.017364916236616068
   ],
   "u-r.0": [
      2.168223345390362,
      0.038822730678317985,
      0.031919314940960675
   ],
   "NUV-r.0": [
      3.762573424288262,
      0.05218337296618625,
      0.07584797123299758
   ],
   "A_nu": {
      "GALEX_FUV": 8.224768913278169,
      "GALEX_NUV": 8.125954984834394,
      "sdss_u0": 4.882229086672751,
      "sdss_g0": 3.6922894970732756,
      "sdss_r0": 2.713678724845181,
      "sdss_i0": 2.0804397551039244,
      "sdss_z0": 1.5156518418242726,
      "bessell_I": 1.5920190837219295,
      "ogle_I": 0.42130974099450214,
      "uvot_V": 3.1471889946164566,
      "uvot_B": 4.063552593557418,
      "uvot_U": 4.966442943161908,
      "uvot_UVW1": 6.542792379127427,
      "uvot_UVM2": 8.66775420914525,
      "uvot_UVW2": 8.087144635780064,
      "ps_g": 3.5694703062745248,
      "ps_r": 2.696788155201979,
      "ps_i": 2.059415968223277,
      "ps_z": 1.5956891330061396,
      "ps_y": 1.3371818521825674,
      "skymapper_u": 4.9412262611941316,
      "skymapper_g": 3.3813192937703462,
      "skymapper_r": 2.722701045448339,
      "skymapper_i": 1.9537144248502614,
      "skymapper_z": 1.4593393020051693,
      "om_V": 2.7626092261019863,
      "om_B": 3.599406790143611,
      "om_U": 3.803987513694196,
      "om_UVW1": 2.9181071588066487,
      "om_UVM2": 1.4041295918966412
   },
   "E(B-V)": 0.05318856910215519
}