{
   "mass": [
      10.205159158748064,
      0.11870274102967748,
      0.14653052111089693
   ],
   "logzsol": [
      -0.9929311735791808,
      0.6487609671603058,
      0.6063662722296785
   ],
   "dust2": [
      0.7173811277579996,
      0.358650572752152,
      0.19604527876262057
   ],
   "tage": [
      3.203905598810846,
      1.171537021805626,
      1.970626638928457
   ],
   "tau": [
      0.449139634481871,
      0.25644695677154494,
      0.3459863757867202
   ],
   "GALEX_FUV": [
      24.12433561361559,
      1.1873830873147178,
      1.9289493579477828
   ],
   "GALEX_NUV": [
      22.60001040684342,
      0.46307517077049454,
      0.5330369110858619
   ],
   "sdss_g0": [
      19.063794702389604,
      0.05253595088622731,
      0.036092309064784445
   ],
   "sdss_i0": [
      17.846756795178223,
      0.025026106465709574,
      0.028047958049072008
   ],
   "sdss_r0": [
      18.223619591351184,
      0.028021337614529074,
      0.030717379556548963
   ],
   "sdss_u0": [
      20.63420160096164,
      0.06081234214459741,
      0.07333662059092205
   ],
   "sdss_z0": [
      17.58431244320463,
      0.05118313666669749,
      0.037716236813309933
   ],
   "uvot_B": [
      19.494866974872863,
      0.06921646147534233,
      0.06732927629782282
   ],
   "uvot_U": [
      20.771646574105112,
      0.07931354087991238,
      0.083044626922117
   ],
   "uvot_UVM2": [
      22.65184445397962,
      0.46486137842201103,
      0.6054886982907703
   ],
   "uvot_UVW1": [
      22.089378493529097,
      0.3350435772660809,
      0.251759768991338
   ],
   "uvot_UVW2": [
      22.898400163300774,
      0.5145131106857761,
      0.7079867531226185
   ],
   "uvot_V": [
      18.514924432794672,
      0.03374244011979499,
      0.040612609033694014
   ],
   "GALEX_FUV.0": [
      23.826400066490038,
      0.9069579875978135,
      1.699776422340193
   ],
   "GALEX_NUV.0": [
      22.348652241744805,
      0.37411871270520436,
      0.2858662966293828
   ],
   "sdss_g0.0": [
      18.75155039519914,
      0.03184604244231437,
      0.04051112733258222
   ],
   "sdss_i0.0": [
      17.79387212988715,
      0.04032198846754298,
      0.02614767876968216
   ],
   "sdss_r0.0": [
      18.107486731488912,
      0.024076768975824336,
      0.03697775475380993
   ],
   "sdss_u0.0": [
      20.19884561043184,
      0.06061223235843727,
      0.07408679942045993
   ],
   "sdss_z0.0": [
      17.585067598642723,
      0.06822984533580012,
      0.050019458781246584
   ],
   "uvot_B.0": [
      19.017537715593466,
      0.05107671423840898,
      0.03567614519264595
   ],
   "uvot_U.0": [
      20.314114030757935,
      0.05115457700447479,
      0.07882490933008768
   ],
   "uvot_UVM2.0": [
      22.465842812129523,
      0.4230942732685534,
      0.33245831547148086
   ],
   "uvot_UVW1.0": [
      21.684349541418086,
      0.20397980007243177,
      0.13304288490233418
   ],
   "uvot_UVW2.0": [
      22.58709307846818,
      0.41083972556312176,
      0.46663259524653355
   ],
   "uvot_V.0": [
      18.385178444691665,
      0.02815297605794953,
      0.031039880635244543
   ],
   "u-r.0": [
      2.090582962534599,
      0.08000817715566377,
      0.061150209283627355
   ],
   "NUV-r.0": [
      4.246351626165268,
      0.4252078432535913,
      0.27933806569906316
   ],
   "A_nu": {
      "GALEX_FUV": 8.176503495757714,
      "GALEX_NUV": 7.912180960606996,
      "sdss_u0": 4.873419301453019,
      "sdss_g0": 3.6543399569563206,
      "sdss_r0": 2.712242520023622,
      "sdss_i0": 2.082194426379047,
      "sdss_z0": 1.5190864278256555,
      "bessell_I": 1.6001846236468609,
      "ogle_I": 0.43346744360484024,
      "uvot_V": 3.149592882533092,
      "uvot_B": 4.0433638546216955,
      "uvot_U": 4.941901587939235,
      "uvot_UVW1": 6.246849811840427,
      "uvot_UVM2": 8.498399085030162,
      "uvot_UVW2": 7.785722767974157,
      "ps_g": 3.532164003811289,
      "ps_r": 2.6954298916553654,
      "ps_i": 2.0612706660930513,
      "ps_z": 1.5968795954602655,
      "ps_y": 1.337125217552959,
      "skymapper_u": 4.933755397125594,
      "skymapper_g": 3.351757896663976,
      "skymapper_r": 2.7227038758999456,
      "skymapper_i": 1.9556359163006576,
      "skymapper_z": 1.4624852840066538,
      "om_V": 2.8429734530197592,
      "om_B": 3.5917628286405545,
      "om_U": 3.7740344054485675,
      "om_UVW1": 2.643163843804608,
      "om_UVM2": 1.028952841505415
   },
   "E(B-V)": 0.021228419463644847
}