{
   "mass": [
      9.66453086141408,
      0.07053182911921496,
      0.073459687922389
   ],
   "logzsol": [
      -0.3910502848651264,
      0.4411657514975563,
      0.415961913314587
   ],
   "dust2": [
      0.5694258292393447,
      0.3483376603305577,
      0.30277607348677804
   ],
   "tage": [
      2.548491799739139,
      0.7291143559082962,
      0.8687591194733328
   ],
   "tau": [
      0.7260136984569,
      0.21538076485970736,
      0.18796769608682973
   ],
   "GALEX_FUV": [
      23.305204189980692,
      0.3237104297250042,
      0.36149965482949753
   ],
   "GALEX_NUV": [
      22.82188947715737,
      0.2381636579781059,
      0.22049642926665314
   ],
   "ps_g": [
      20.48718856517837,
      0.04878196110613686,
      0.06759129556646926
   ],
   "ps_r": [
      19.831487290213957,
      0.034230895361609726,
      0.03674555592352036
   ],
   "ps_z": [
      19.262486148890787,
      0.05332492382658316,
      0.039218037213796464
   ],
   "sdss_g0": [
      20.625024741397,
      0.050402097963630155,
      0.07865808467703062
   ],
   "sdss_i0": [
      19.485475398458615,
      0.03185171550387267,
      0.039879415374510785
   ],
   "sdss_r0": [
      19.843183729331667,
      0.03712043280287958,
      0.034391617379373685
   ],
   "sdss_u0": [
      21.93425395078065,
      0.07881060369066617,
      0.12588906337087735
   ],
   "sdss_z0": [
      19.2167254002682,
      0.05247373201668282,
      0.04636190520446348
   ],
   "uvot_B": [
      21.036749242955654,
      0.06211680590346802,
      0.09513598895066977
   ],
   "uvot_U": [
      22.025880981494183,
      0.0877891608017265,
      0.13291871137813516
   ],
   "uvot_UVM2": [
      22.8380708755683,
      0.2446217267123849,
      0.22981903376323487
   ],
   "uvot_UVW1": [
      22.66528340076696,
      0.19459514896935204,
      0.17966116028167534
   ],
   "uvot_UVW2": [
      22.954683139392976,
      0.2689925016364292,
      0.2656933708790348
   ],
   "uvot_V": [
      20.089981704465664,
      0.04351289623331667,
      0.04866598630286845
   ],
   "GALEX_FUV.0": [
      23.313118574464582,
      0.310757832440256,
      0.2738617976929554
   ],
   "GALEX_NUV.0": [
      22.818385859882063,
      0.18834613088408503,
      0.18359260457892645
   ],
   "ps_g.0": [
      20.212476655972914,
      0.04153613311484605,
      0.04449499812626101
   ],
   "ps_r.0": [
      19.72214470087652,
      0.03511757098435808,
      0.03427030852359181
   ],
   "ps_z.0": [
      19.215378722087742,
      0.06737953836883293,
      0.07395316664020513
   ],
   "sdss_g0.0": [
      20.28740245927004,
      0.042011479386161454,
      0.04949087196294144
   ],
   "sdss_i0.0": [
      19.424634897979843,
      0.05138275645794721,
      0.039867456392453704
   ],
   "sdss_r0.0": [
      19.727606415932428,
      0.03509968317828083,
      0.03480039415278213
   ],
   "sdss_u0.0": [
      21.59127660995035,
      0.079495006013655,
      0.08003972294487482
   ],
   "sdss_z0.0": [
      19.17765032453665,
      0.06976753002469138,
      0.08453407136956059
   ],
   "uvot_B.0": [
      20.501798455096903,
      0.047229022847474766,
      0.06199490946601571
   ],
   "uvot_U.0": [
      21.68074798275783,
      0.07224529234027344,
      0.08874409145458273
   ],
   "uvot_UVM2.0": [
      22.852684982207105,
      0.2028038027893757,
      0.17888526746030564
   ],
   "uvot_UVW1.0": [
      22.5386666445848,
      0.1350830840632078,
      0.1693611021386907
   ],
   "uvot_UVW2.0": [
      22.92547102197799,
      0.2335873403355393,
      0.1922093911854894
   ],
   "uvot_V.0": [
      19.973778530121844,
      0.03625688889999168,
      0.033157587208130224
   ],
   "u-r.0": [
      1.8693015676489484,
      0.08437096192115368,
      0.08312483621022482
   ],
   "NUV-r.0": [
      3.1011163103890613,
      0.19198112591723016,
      0.18155878527829206
   ],
   "A_nu": {
      "GALEX_FUV": 8.193391825831142,
      "GALEX_NUV": 8.153321246208733,
      "sdss_u0": 4.887962216581343,
      "sdss_g0": 3.665648325601367,
      "sdss_r0": 2.7144798992672747,
      "sdss_i0": 2.083721702597785,
      "sdss_z0": 1.517048595084347,
      "bessell_I": 1.5958375000916902,
      "twomass_J": 0.8962629920045373,
      "twomass_H": 0.5669339059561906,
      "twomass_K": 0.37081398452762926,
      "ogle_I": 0.40773833811087457,
      "uvot_V": 3.1501752382311565,
      "uvot_B": 4.048706192204321,
      "uvot_U": 4.975096021972547,
      "uvot_UVW1": 6.900003898919138,
      "uvot_UVM2": 8.66749605930508,
      "uvot_UVW2": 8.236920262893577,
      "ps_g": 3.5385623713253267,
      "ps_r": 2.698621515159516,
      "ps_i": 2.0626477313321345,
      "ps_z": 1.5954495548953673,
      "ps_y": 1.337249955090769,
      "skymapper_u": 4.943312186769688,
      "skymapper_g": 3.3623717168126177,
      "skymapper_r": 2.7283389970541805,
      "skymapper_i": 1.9564147824269185,
      "skymapper_z": 1.4609161978132335,
      "om_V": 2.69518919788716,
      "om_B": 3.4249306118113054,
      "om_U": 3.7998279131592483,
      "om_UVW1": 3.3405858193134463,
      "om_UVM2": 2.1082820827963644
   },
   "E(B-V)": 0.04790704895247749
}