{
   "mass": [
      10.09841003917438,
      0.16213726100711945,
      0.16614931347267614
   ],
   "logzsol": [
      -0.8732581870688757,
      0.6572546840281316,
      0.7219382443345665
   ],
   "dust2": [
      0.33110101473397024,
      0.23045387369033285,
      0.32598725638491377
   ],
   "tage": [
      5.1291013226471,
      2.619386617810704,
      5.318868413911578
   ],
   "tau": [
      0.39120288585867524,
      0.2249117250859648,
      0.4138556511509611
   ],
   "GALEX_FUV": [
      26.57802116593549,
      2.19881493873779,
      1.6569126068281648
   ],
   "GALEX_NUV": [
      24.84913142085858,
      0.990076775346207,
      0.3749914348633645
   ],
   "sdss_g0": [
      20.893149819074978,
      0.042797941035257026,
      0.041285358072570943
   ],
   "sdss_i0": [
      19.428774168009358,
      0.033187303027549575,
      0.03924515487385705
   ],
   "sdss_r0": [
      19.844183402429557,
      0.03145300465474321,
      0.02840461237009606
   ],
   "sdss_u0": [
      22.46796076243845,
      0.13035515253076824,
      0.10419335695434029
   ],
   "sdss_z0": [
      19.148384576865773,
      0.04117199383596315,
      0.054320919590999495
   ],
   "uvot_B": [
      21.36351960273604,
      0.05311995894758326,
      0.06703963397806945
   ],
   "uvot_U": [
      22.637898280016536,
      0.15746652487454327,
      0.1011647510883904
   ],
   "uvot_UVM2": [
      25.034962965609413,
      1.1179220737922968,
      0.42820613139087627
   ],
   "uvot_UVW1": [
      24.10300837089735,
      0.586806514131343,
      0.21053767868315276
   ],
   "uvot_UVW2": [
      25.347332559990186,
      1.244462096273942,
      0.4423354006658684
   ],
   "uvot_V": [
      20.19915868697336,
      0.034859526483241865,
      0.02647748981165421
   ],
   "GALEX_FUV.0": [
      26.569401799134468,
      2.080740146305743,
      1.0068687510033882
   ],
   "GALEX_NUV.0": [
      24.1559628566849,
      0.5322262480340854,
      0.26520037809662256
   ],
   "sdss_g0.0": [
      20.312855401510348,
      0.03178484444711316,
      0.019471254657915438
   ],
   "sdss_i0.0": [
      19.33972301508411,
      0.041180535887228586,
      0.05435875849601146
   ],
   "sdss_r0.0": [
      19.651830807906123,
      0.030179490242126406,
      0.03983913552117002
   ],
   "sdss_u0.0": [
      21.732851076346897,
      0.06511984210932553,
      0.0744483516772334
   ],
   "sdss_z0.0": [
      19.13614685485448,
      0.07158573668187174,
      0.07743362032863388
   ],
   "uvot_B.0": [
      20.580221303351586,
      0.03686902931654856,
      0.029116719789932688
   ],
   "uvot_U.0": [
      21.850579474543643,
      0.06480100905241315,
      0.0888931855894377
   ],
   "uvot_UVM2.0": [
      24.311724900696646,
      0.6115525191254534,
      0.26592983997422337
   ],
   "uvot_UVW1.0": [
      23.333355457438717,
      0.25733557765682846,
      0.13128412694414138
   ],
   "uvot_UVW2.0": [
      24.52899746635272,
      0.7031633244357494,
      0.25095091412152115
   ],
   "uvot_V.0": [
      19.927554265778006,
      0.02895664218717542,
      0.03162732814112701
   ],
   "u-r.0": [
      2.076825584568695,
      0.07152650471571409,
      0.09915733205228738
   ],
   "NUV-r.0": [
      4.493946386956166,
      0.5250313821783781,
      0.2817472033955051
   ],
   "A_nu": {
      "GALEX_FUV": 8.212244499538457,
      "GALEX_NUV": 7.573718241446947,
      "sdss_u0": 4.859148555302095,
      "sdss_g0": 3.647490782566898,
      "sdss_r0": 2.713648034571925,
      "sdss_i0": 2.0831660400631336,
      "sdss_z0": 1.5189126793710983,
      "bessell_I": 1.6008015543929943,
      "ogle_I": 0.5436882329520998,
      "uvot_V": 3.1348679853762107,
      "uvot_B": 4.057235705668738,
      "uvot_U": 4.924287951804729,
      "uvot_UVW1": 6.036563126626415,
      "uvot_UVM2": 8.228680667182076,
      "uvot_UVW2": 7.250095446852356,
      "ps_g": 3.5099834229322724,
      "ps_r": 2.696319044818374,
      "ps_i": 2.062152644932702,
      "ps_z": 1.5964679343678512,
      "ps_y": 1.3381833992669456,
      "skymapper_u": 4.91993268602684,
      "skymapper_g": 3.3137595105181106,
      "skymapper_r": 2.721391558516295,
      "skymapper_i": 1.9562351508778164,
      "skymapper_z": 1.462493042828683,
      "om_V": 2.995935173419184,
      "om_B": 3.8234582967078268,
      "om_U": 4.279338085534157,
      "om_UVW1": 3.4243955908943136,
      "om_UVM2": 1.2606120477741456
   },
   "E(B-V)": 0.011815899003847927
}