{
   "mass": [
      10.758453613911751,
      0.14873415460397865,
      0.08946102269939615
   ],
   "logzsol": [
      -0.5893468797271789,
      0.4646190814160701,
      0.43844786444757516
   ],
   "dust2": [
      0.285386079339199,
      0.21182780452222844,
      0.3971503653931777
   ],
   "tage": [
      7.0976641490582635,
      3.114475388015211,
      3.331918332526077
   ],
   "tau": [
      0.24608763710186687,
      0.11613856238423914,
      0.29980075082148117
   ],
   "GALEX_FUV": [
      26.296445294279255,
      0.777498317705092,
      1.3496713918278616
   ],
   "GALEX_NUV": [
      24.75994412927471,
      0.23804348617443694,
      0.5218693677528101
   ],
   "sdss_g0": [
      20.21901651844925,
      0.05154751252080558,
      0.042056041708704583
   ],
   "sdss_i0": [
      18.4909341076322,
      0.03071214244386411,
      0.02206576170444663
   ],
   "sdss_r0": [
      18.976310823399984,
      0.031141472948721827,
      0.0257586086855639
   ],
   "sdss_u0": [
      21.974965115710667,
      0.09191170911647362,
      0.0759718465651602
   ],
   "sdss_z0": [
      18.16191796445199,
      0.03246334403925388,
      0.03250312841966618
   ],
   "uvot_B": [
      20.741619771072017,
      0.05996163108763852,
      0.05804927528819093
   ],
   "uvot_U": [
      22.16183297406932,
      0.09893083593383167,
      0.08486146228037938
   ],
   "uvot_UVM2": [
      25.023611089879907,
      0.27540715663322146,
      0.5801897608639024
   ],
   "uvot_UVW1": [
      23.832485534981263,
      0.19774517771540445,
      0.29769828801873643
   ],
   "uvot_UVW2": [
      25.182991201112813,
      0.2572581315627218,
      0.3814071286266483
   ],
   "uvot_V": [
      19.418585035787967,
      0.03889470404110895,
      0.03242960926403882
   ],
   "GALEX_FUV.0": [
      26.313084867791062,
      0.6657508156687655,
      1.2088649795020068
   ],
   "GALEX_NUV.0": [
      23.891763341015874,
      0.2504478972021076,
      0.37909343261866013
   ],
   "sdss_g0.0": [
      19.45701338220453,
      0.03119774943151654,
      0.027758909449200786
   ],
   "sdss_i0.0": [
      18.3418063192805,
      0.029977896146206717,
      0.0376116475405297
   ],
   "sdss_r0.0": [
      18.703973375022933,
      0.030771725524260773,
      0.021747237494349037
   ],
   "sdss_u0.0": [
      21.019616920564694,
      0.05953895774626261,
      0.05501192878733008
   ],
   "sdss_z0.0": [
      18.084830291511174,
      0.04623750508636704,
      0.04982887289875748
   ],
   "uvot_B.0": [
      19.769309509366504,
      0.03761132835836989,
      0.031638454064694344
   ],
   "uvot_U.0": [
      21.14761809983557,
      0.06185267231348135,
      0.04964632903728727
   ],
   "uvot_UVM2.0": [
      24.08934506545732,
      0.2786274860910858,
      0.4237458847941866
   ],
   "uvot_UVW1.0": [
      22.817981893305966,
      0.12640935963056776,
      0.15354482749352982
   ],
   "uvot_UVW2.0": [
      24.20700521693137,
      0.19354889255184204,
      0.2977839296598823
   ],
   "uvot_V.0": [
      19.020859895350178,
      0.028327054434800658,
      0.0228490405117725
   ],
   "u-r.0": [
      2.323149563196372,
      0.0654073593273683,
      0.051748471703273236
   ],
   "NUV-r.0": [
      5.188165353352963,
      0.25951279172649144,
      0.3842100855357895
   ],
   "A_nu": {
      "GALEX_FUV": 8.215309250733416,
      "GALEX_NUV": 7.292506368625773,
      "sdss_u0": 4.846720811284477,
      "sdss_g0": 3.6451292399705792,
      "sdss_r0": 2.7120035624241368,
      "sdss_i0": 2.0818739327040703,
      "sdss_z0": 1.5155241939140751,
      "bessell_I": 1.5921533756682038,
      "ogle_I": 0.5717890491670374,
      "uvot_V": 3.129115022449014,
      "uvot_B": 4.071084229750177,
      "uvot_U": 4.899615786568923,
      "uvot_UVW1": 5.718900564913998,
      "uvot_UVM2": 7.972811974433824,
      "uvot_UVW2": 6.686174719484939,
      "ps_g": 3.503959600026363,
      "ps_r": 2.6934848192336602,
      "ps_i": 2.061011176153116,
      "ps_z": 1.5950525727467024,
      "ps_y": 1.336790877888916,
      "skymapper_u": 4.909656687868846,
      "skymapper_g": 3.295904894345192,
      "skymapper_r": 2.715364512661189,
      "skymapper_i": 1.954414678781724,
      "skymapper_z": 1.4590150094914378,
      "om_V": 2.99503789237221,
      "om_B": 3.8239057145959876,
      "om_U": 4.18405928705905,
      "om_UVW1": 2.973309104067212,
      "om_UVM2": 0.8161501811848382
   },
   "E(B-V)": 0.04235773281341629
}