{
   "mass": [
      9.865157010447163,
      0.1508666820564155,
      0.12362984752960138
   ],
   "logzsol": [
      -1.3368081222092212,
      0.4372665740107642,
      0.45473664262329605
   ],
   "dust2": [
      0.1236843353236957,
      0.09337726496289925,
      0.20332436588329678
   ],
   "tage": [
      5.680017992334347,
      2.134677038525007,
      3.8753029904879837
   ],
   "tau": [
      0.2614354950529704,
      0.13065608684575805,
      0.3199850988025426
   ],
   "GALEX_FUV": [
      26.2520993739423,
      0.9285951435749737,
      0.7527920131011179
   ],
   "GALEX_NUV": [
      23.606022996161578,
      0.1495840844778087,
      0.13407300284815804
   ],
   "sdss_g0": [
      19.855157859244684,
      0.039859671140085595,
      0.040406431915869234
   ],
   "sdss_i0": [
      18.78005511366235,
      0.025084478206661487,
      0.02843171809591638
   ],
   "sdss_r0": [
      19.094829571513635,
      0.023716747643877767,
      0.026316634946674355
   ],
   "sdss_u0": [
      21.33366217855501,
      0.06227017729957396,
      0.05554010580157254
   ],
   "sdss_z0": [
      18.588287101250277,
      0.03763487519952591,
      0.038342804082589055
   ],
   "uvot_B": [
      20.25611091354685,
      0.04553675565263049,
      0.054271656879929964
   ],
   "uvot_U": [
      21.47217858982162,
      0.05813282056761082,
      0.06463599816929388
   ],
   "uvot_UVM2": [
      23.71849481107875,
      0.17203148910796529,
      0.13471808579679134
   ],
   "uvot_UVW1": [
      22.896433292310476,
      0.11834908688369339,
      0.11373366350304792
   ],
   "uvot_UVW2": [
      24.127378039438565,
      0.19992506858027426,
      0.15936519359727086
   ],
   "uvot_V": [
      19.348599062366354,
      0.028243954354501,
      0.032895567961610084
   ],
   "GALEX_FUV.0": [
      25.91893555034662,
      0.666383741085145,
      0.48418666715509673
   ],
   "GALEX_NUV.0": [
      23.176751780103718,
      0.14147132520426808,
      0.13126619379253768
   ],
   "sdss_g0.0": [
      19.59048877542662,
      0.031921967378977456,
      0.03247012760533252
   ],
   "sdss_i0.0": [
      18.7671715370088,
      0.026727583194219307,
      0.03720297095211578
   ],
   "sdss_r0.0": [
      19.021150882846264,
      0.025031318121314428,
      0.026397067308401745
   ],
   "sdss_u0.0": [
      20.916286717188925,
      0.05312393466571308,
      0.06864349231927491
   ],
   "sdss_z0.0": [
      18.628139097079842,
      0.04290613051781378,
      0.040441676583483854
   ],
   "uvot_B.0": [
      19.831057645098348,
      0.03939626661980711,
      0.038827218768577865
   ],
   "uvot_U.0": [
      21.03452421612098,
      0.05200072745572726,
      0.06589811858044214
   ],
   "uvot_UVM2.0": [
      23.319973644672913,
      0.1440863890767332,
      0.12145039448387607
   ],
   "uvot_UVW1.0": [
      22.434492171814803,
      0.09122362642857951,
      0.09437438942023846
   ],
   "uvot_UVW2.0": [
      23.581828459925678,
      0.13150382617773104,
      0.11415619769664787
   ],
   "uvot_V.0": [
      19.253223263415293,
      0.022027975276177614,
      0.02729046641911026
   ],
   "u-r.0": [
      1.8905979155702255,
      0.047328954494843645,
      0.06448816975812477
   ],
   "NUV-r.0": [
      4.161452527161119,
      0.15413337728698462,
      0.1250178369298256
   ],
   "A_nu": {
      "GALEX_FUV": 8.2215709903255,
      "GALEX_NUV": 7.765677463951626,
      "sdss_u0": 4.875151662680466,
      "sdss_g0": 3.6754187027677077,
      "sdss_r0": 2.716709925729077,
      "sdss_i0": 2.0868541441709354,
      "sdss_z0": 1.5230797392812079,
      "bessell_I": 1.6131545356774524,
      "ogle_I": 0.8120113889839686,
      "uvot_V": 3.15204777383844,
      "uvot_B": 4.064330949421091,
      "uvot_U": 4.9437770062285225,
      "uvot_UVW1": 6.1530537061726065,
      "uvot_UVM2": 8.38153267550723,
      "uvot_UVW2": 7.516986055334218,
      "ps_g": 3.5499981437805417,
      "ps_r": 2.701708869190078,
      "ps_i": 2.0658721472436525,
      "ps_z": 1.5987323216824834,
      "ps_y": 1.3382759634714247,
      "skymapper_u": 4.934930862939879,
      "skymapper_g": 3.3710469458315018,
      "skymapper_r": 2.7316512188775732,
      "skymapper_i": 1.9605598923703837,
      "skymapper_z": 1.4663973058016921,
      "om_V": 3.1122592094904533,
      "om_B": 4.022657684845576,
      "om_U": 4.7847562167575575,
      "om_UVW1": 5.022216579203587,
      "om_UVM2": 3.917891123264994
   },
   "E(B-V)": 0.03169749664595718
}