{
   "mass": [
      9.901976938464344,
      0.18428926656311262,
      0.085644118141186
   ],
   "logzsol": [
      -1.4755504100274184,
      0.39264756331885353,
      0.5352234305977275
   ],
   "dust2": [
      0.2629323832759229,
      0.19611985099347926,
      0.23150140878087966
   ],
   "tage": [
      5.253261173246317,
      2.790692151986753,
      2.623142561864862
   ],
   "tau": [
      0.2858737658521656,
      0.14877412544081386,
      0.4034822548913697
   ],
   "GALEX_FUV": [
      25.053266225495797,
      1.213721019294045,
      0.8870657089815843
   ],
   "GALEX_NUV": [
      22.52003377638217,
      0.24659292220109919,
      0.18120314550861139
   ],
   "sdss_g0": [
      18.892844311197422,
      0.028951067309773038,
      0.04083048257188082
   ],
   "sdss_i0": [
      17.915030559201057,
      0.030757740434609104,
      0.02894657270089951
   ],
   "sdss_r0": [
      18.218491212550756,
      0.02805291702860302,
      0.028404694111866746
   ],
   "sdss_u0": [
      20.366489937343513,
      0.07559967222769615,
      0.05506072168853038
   ],
   "sdss_z0": [
      17.729165412624308,
      0.026852204033684046,
      0.03430176046826716
   ],
   "uvot_B": [
      19.251790606120935,
      0.041849380580217144,
      0.056357274579909244
   ],
   "uvot_U": [
      20.48633790169423,
      0.0783735192285242,
      0.05563260152561611
   ],
   "uvot_UVM2": [
      22.60895327118243,
      0.2618190323193339,
      0.1770399379227996
   ],
   "uvot_UVW1": [
      21.836002955414493,
      0.1354189867867568,
      0.1423530169837086
   ],
   "uvot_UVW2": [
      22.985734204597215,
      0.3329309741463078,
      0.1652680501832684
   ],
   "uvot_V": [
      18.465631779159857,
      0.033076225843544194,
      0.030604801707124096
   ],
   "GALEX_FUV.0": [
      24.824941406047394,
      1.0892161747010363,
      0.40257964551195613
   ],
   "GALEX_NUV.0": [
      22.193679353735398,
      0.1712882267213942,
      0.17106917018010748
   ],
   "sdss_g0.0": [
      18.72173784866927,
      0.03228617803796041,
      0.03450799725003506
   ],
   "sdss_i0.0": [
      17.905131169482246,
      0.027244329281735702,
      0.029429491609480607
   ],
   "sdss_r0.0": [
      18.167372134477894,
      0.02954901861730619,
      0.02826741526700971
   ],
   "sdss_u0.0": [
      20.046176542765867,
      0.0760188264138364,
      0.058748581169297154
   ],
   "sdss_z0.0": [
      17.758688091211376,
      0.04598092118624564,
      0.04055208432509971
   ],
   "uvot_B.0": [
      18.946801443558144,
      0.030666837773026145,
      0.04487590993878854
   ],
   "uvot_U.0": [
      20.16558491893138,
      0.07618888909883736,
      0.0578907556084971
   ],
   "uvot_UVM2.0": [
      22.329284916954382,
      0.18645903502051553,
      0.17694938361892554
   ],
   "uvot_UVW1.0": [
      21.50404472917863,
      0.10319627437326773,
      0.10723156661778432
   ],
   "uvot_UVW2.0": [
      22.593732974351006,
      0.2311169514296907,
      0.16000546580206176
   ],
   "uvot_V.0": [
      18.397110623001296,
      0.030613535741984776,
      0.028264980470826373
   ],
   "u-r.0": [
      1.8824205689415958,
      0.07447842217364009,
      0.05713547784620743
   ],
   "NUV-r.0": [
      4.0318026942581575,
      0.18905286039508784,
      0.15522019559002853
   ],
   "A_nu": {
      "GALEX_FUV": 8.149808019379634,
      "GALEX_NUV": 7.820941303068629,
      "sdss_u0": 4.876946379323677,
      "sdss_g0": 3.689558405220872,
      "sdss_r0": 2.7173425498732584,
      "sdss_i0": 2.086853347130102,
      "sdss_z0": 1.522935169104933,
      "bessell_I": 1.6134239417581853,
      "ogle_I": 0.6074402747458407,
      "uvot_V": 3.152261375313614,
      "uvot_B": 4.067438746008101,
      "uvot_U": 4.951618091103782,
      "uvot_UVW1": 6.1730993951128355,
      "uvot_UVM2": 8.438171138867823,
      "uvot_UVW2": 7.615033952703598,
      "ps_g": 3.5651056402919323,
      "ps_r": 2.7023527232449496,
      "ps_i": 2.0659432342693407,
      "ps_z": 1.598930592815151,
      "ps_y": 1.3381949341670918,
      "skymapper_u": 4.936832863136864,
      "skymapper_g": 3.3858817866548208,
      "skymapper_r": 2.7324823879975924,
      "skymapper_i": 1.9606699864452182,
      "skymapper_z": 1.4660545800378344,
      "om_V": 3.069488696629108,
      "om_B": 3.9772555997091175,
      "om_U": 4.67053973705891,
      "om_UVW1": 4.62502662676556,
      "om_UVM2": 2.7949017411348365
   },
   "E(B-V)": 0.034106334059835396
}