{
   "mass": [
      10.054196809427667,
      0.14926348293434444,
      0.11281599942872944
   ],
   "logzsol": [
      -1.3790466885038855,
      0.37028482622137515,
      0.49710016178853933
   ],
   "dust2": [
      0.5265072619561697,
      0.3005592949289223,
      0.18988989985290372
   ],
   "tage": [
      3.4561488055102876,
      1.2654053505619158,
      2.505833155310855
   ],
   "tau": [
      0.3008774146018453,
      0.14871532371533486,
      0.3276960413154468
   ],
   "GALEX_FUV": [
      25.769573456689983,
      0.8748400880671525,
      1.374011279313649
   ],
   "GALEX_NUV": [
      23.541939229536272,
      0.10960365327053978,
      0.12008398489991734
   ],
   "sdss_g0": [
      19.98198500111208,
      0.04939794017905541,
      0.030514716607761727
   ],
   "sdss_i0": [
      18.789592166773375,
      0.029005226141400442,
      0.026932755520505225
   ],
   "sdss_r0": [
      19.139315979597654,
      0.027559918609661338,
      0.035686166609437464
   ],
   "sdss_u0": [
      21.547174699769343,
      0.08284577443953367,
      0.06865023996800446
   ],
   "sdss_z0": [
      18.560655503223103,
      0.043336848159174934,
      0.029247282151306564
   ],
   "uvot_B": [
      20.416451391379564,
      0.057299291172252964,
      0.04571908809624148
   ],
   "uvot_U": [
      21.676761262873534,
      0.0774225156608388,
      0.06915494998845872
   ],
   "uvot_UVM2": [
      23.62040532234058,
      0.12153976758627749,
      0.14301038699196766
   ],
   "uvot_UVW1": [
      22.977177365637303,
      0.1024549686956675,
      0.06497425078507035
   ],
   "uvot_UVW2": [
      23.9797887084504,
      0.12842479669702556,
      0.23265998984215486
   ],
   "uvot_V": [
      19.40487615981627,
      0.043011247180018586,
      0.04505915110710035
   ],
   "GALEX_FUV.0": [
      25.267915776747074,
      0.527189927712655,
      0.6016206171818688
   ],
   "GALEX_NUV.0": [
      23.14153571999713,
      0.10762864575745823,
      0.07471958761729525
   ],
   "sdss_g0.0": [
      19.617067712855455,
      0.045037609902927045,
      0.03200177816702521
   ],
   "sdss_i0.0": [
      18.752838625558056,
      0.04298097246800836,
      0.027452740515464313
   ],
   "sdss_r0.0": [
      19.03012146515055,
      0.027936475108088388,
      0.026991265543308884
   ],
   "sdss_u0.0": [
      21.019954280913637,
      0.07859611356425944,
      0.06803030832507773
   ],
   "sdss_z0.0": [
      18.5822850782788,
      0.04705225917532374,
      0.04485002821859041
   ],
   "uvot_B.0": [
      19.84982296821503,
      0.049213699725772386,
      0.03300414175569699
   ],
   "uvot_U.0": [
      21.14423042779888,
      0.08041898036475104,
      0.06531367003344712
   ],
   "uvot_UVM2.0": [
      23.264493164419044,
      0.1162747258007073,
      0.07026750038274798
   ],
   "uvot_UVW1.0": [
      22.46883545381177,
      0.07627853912980243,
      0.06151881484023036
   ],
   "uvot_UVW2.0": [
      23.466077838053504,
      0.09729691097166082,
      0.0968592211695487
   ],
   "uvot_V.0": [
      19.27360254169551,
      0.02960152061218224,
      0.033367473368780765
   ],
   "u-r.0": [
      1.9832819772187733,
      0.07235046341147178,
      0.06460214831364475
   ],
   "NUV-r.0": [
      4.102985496389973,
      0.09896418234680127,
      0.09204897700540382
   ],
   "A_nu": {
      "GALEX_FUV": 8.108691528089729,
      "GALEX_NUV": 7.839715343727516,
      "sdss_u0": 4.873064390317694,
      "sdss_g0": 3.657488459707814,
      "sdss_r0": 2.715706678982066,
      "sdss_i0": 2.0841084537471133,
      "sdss_z0": 1.5207305208420507,
      "bessell_I": 1.6054176912053464,
      "ogle_I": 0.4670503237834467,
      "uvot_V": 3.149162002274686,
      "uvot_B": 4.0395495412667515,
      "uvot_U": 4.946798408539799,
      "uvot_UVW1": 6.2727308790863745,
      "uvot_UVM2": 8.450144410208082,
      "uvot_UVW2": 7.7444733980684966,
      "ps_g": 3.531845687045454,
      "ps_r": 2.6996940260374913,
      "ps_i": 2.0630615038104594,
      "ps_z": 1.5971473947070436,
      "ps_y": 1.3380438273888018,
      "skymapper_u": 4.933445067266007,
      "skymapper_g": 3.354599508633882,
      "skymapper_r": 2.7290418377175385,
      "skymapper_i": 1.9573846036147202,
      "skymapper_z": 1.4642901523636453,
      "om_V": 2.945060150858403,
      "om_B": 3.749148800545399,
      "om_U": 4.1818919629529105,
      "om_UVW1": 3.4240136939512666,
      "om_UVM2": 1.479379056454455
   },
   "E(B-V)": 0.006988443482863958
}