{
   "mass": [
      9.944731045253908,
      0.15241427308526134,
      0.10199409683935379
   ],
   "logzsol": [
      -1.5635982693288302,
      0.305458488903678,
      0.508133878689272
   ],
   "dust2": [
      0.5316841283736321,
      0.36188900482228725,
      0.2977657532196595
   ],
   "tage": [
      4.486713361379635,
      1.9545407421652121,
      4.527753180204205
   ],
   "tau": [
      0.27879071493022245,
      0.13939223186657831,
      0.369496535764296
   ],
   "GALEX_FUV": [
      26.366060774153233,
      1.334135659729533,
      1.0815199176385946
   ],
   "GALEX_NUV": [
      23.907066953917678,
      0.39246799677339084,
      0.2876985907529459
   ],
   "ps_g": [
      20.07757240777134,
      0.04863609524856827,
      0.0437314715076873
   ],
   "ps_i": [
      19.016129224318412,
      0.02203895716755966,
      0.029538198808769067
   ],
   "ps_r": [
      19.382598190117776,
      0.027855175474815752,
      0.02699821108099343
   ],
   "ps_y": [
      18.734960185667294,
      0.0399166910438673,
      0.03302723406578423
   ],
   "ps_z": [
      18.822887285118256,
      0.036372282994065586,
      0.025294522892423288
   ],
   "sdss_g0": [
      20.212816548029153,
      0.050630053704427525,
      0.051158955750732815
   ],
   "sdss_i0": [
      19.027817583065378,
      0.022018796142873498,
      0.029830727274486435
   ],
   "sdss_r0": [
      19.39189432056187,
      0.028569913242471046,
      0.02532308258854954
   ],
   "sdss_u0": [
      21.740411059322096,
      0.0999253603938115,
      0.10671732969093384
   ],
   "sdss_z0": [
      18.795659691139374,
      0.03767107737902364,
      0.025551833740955487
   ],
   "uvot_B": [
      20.624855809837257,
      0.06096173503060953,
      0.076106602454594
   ],
   "uvot_U": [
      21.878435822683738,
      0.11174183035845786,
      0.10956461527156947
   ],
   "uvot_UVM2": [
      24.017929455815057,
      0.4395568484217911,
      0.33815843925008693
   ],
   "uvot_UVW1": [
      23.24193672341029,
      0.20814623702216295,
      0.2063280768850433
   ],
   "uvot_UVW2": [
      24.416651492260215,
      0.5037975508443573,
      0.3672401470150639
   ],
   "uvot_V": [
      19.67133733950605,
      0.04150400242081531,
      0.02448897319781196
   ],
   "GALEX_FUV.0": [
      25.835131813384834,
      0.9725255866101605,
      0.9333144315137432
   ],
   "GALEX_NUV.0": [
      23.455118838105427,
      0.2428679153398079,
      0.20146957958057143
   ],
   "ps_g.0": [
      19.804036556387647,
      0.03939781774036888,
      0.02304198918667666
   ],
   "ps_i.0": [
      18.982980667982837,
      0.03670575371128493,
      0.023096333921760248
   ],
   "ps_r.0": [
      19.26998428293988,
      0.01696107795243762,
      0.03149616919005993
   ],
   "ps_y.0": [
      18.74377439152898,
      0.04489361675083714,
      0.05021786912500659
   ],
   "ps_z.0": [
      18.840743125261696,
      0.03842697113864091,
      0.035029790223820356
   ],
   "sdss_g0.0": [
      19.8855395522409,
      0.040931222480374174,
      0.029337651128049202
   ],
   "sdss_i0.0": [
      18.98917773015821,
      0.037590073271935864,
      0.02245287094561732
   ],
   "sdss_r0.0": [
      19.275784597605195,
      0.016936369406828078,
      0.03249024307780246
   ],
   "sdss_u0.0": [
      21.244132364787752,
      0.06294683449997152,
      0.09217313077172662
   ],
   "sdss_z0.0": [
      18.816856969985494,
      0.038816198059734575,
      0.040357192833941014
   ],
   "uvot_B.0": [
      20.122933618973555,
      0.04449709536027768,
      0.04595306901138585
   ],
   "uvot_U.0": [
      21.368894600910785,
      0.07254544471335223,
      0.09502700016115284
   ],
   "uvot_UVM2.0": [
      23.586281406396992,
      0.2775375173943644,
      0.229334419874899
   ],
   "uvot_UVW1.0": [
      22.713410193132628,
      0.11015922691238345,
      0.15019010598465599
   ],
   "uvot_UVW2.0": [
      23.833345119583818,
      0.32658185466913636,
      0.22693876452962414
   ],
   "uvot_V.0": [
      19.534038147058727,
      0.028852704310683208,
      0.02417667951753444
   ],
   "u-r.0": [
      1.965086796039488,
      0.07808463191581261,
      0.09194942408079054
   ],
   "NUV-r.0": [
      4.180390901408012,
      0.2875882039135371,
      0.1943824315531728
   ],
   "A_nu": {
      "GALEX_FUV": 8.176815880869892,
      "GALEX_NUV": 7.790868924189631,
      "sdss_u0": 4.873024861866959,
      "sdss_g0": 3.6632697433514494,
      "sdss_r0": 2.7154376038305728,
      "sdss_i0": 2.083908960830705,
      "sdss_z0": 1.5209047081249594,
      "bessell_I": 1.6058506210850254,
      "ogle_I": 0.46834915567934843,
      "uvot_V": 3.1495313581189066,
      "uvot_B": 4.0463473597375454,
      "uvot_U": 4.945200294698893,
      "uvot_UVW1": 6.195931131360766,
      "uvot_UVM2": 8.412811622783156,
      "uvot_UVW2": 7.622314062094482,
      "ps_g": 3.5378256286096033,
      "ps_r": 2.6990554926999977,
      "ps_i": 2.0628941778186416,
      "ps_z": 1.5973668471051639,
      "ps_y": 1.3380450637914265,
      "skymapper_u": 4.93353792367639,
      "skymapper_g": 3.359241871011598,
      "skymapper_r": 2.7281119454043434,
      "skymapper_i": 1.9573215289662826,
      "skymapper_z": 1.4644173528452598,
      "om_V": 2.945872710643016,
      "om_B": 3.7647572533737517,
      "om_U": 4.195852703995584,
      "om_UVW1": 3.4118107904292927,
      "om_UVM2": 1.3786526635117369
   },
   "E(B-V)": 0.20729112863084959
}