{
   "mass": [
      10.026014580775344,
      0.13523241734770508,
      0.10003988709367384
   ],
   "logzsol": [
      -0.9565048690965628,
      0.4709479666454658,
      0.23261625803117636
   ],
   "dust2": [
      0.3299766071486552,
      0.22057836965541183,
      0.24261091547545366
   ],
   "tage": [
      6.1757951845548105,
      2.5288914025933567,
      3.528127718283744
   ],
   "tau": [
      0.24369877950551186,
      0.10802506851706267,
      0.336044943913561
   ],
   "GALEX_FUV": [
      21.71693285972215,
      1.0144768219094544,
      0.7856900572050698
   ],
   "GALEX_NUV": [
      18.922722468316234,
      0.16315358423628368,
      0.21830369615686251
   ],
   "ps_g": [
      14.836427729255572,
      0.02225823415266248,
      0.01869910392612084
   ],
   "ps_i": [
      13.92242366541024,
      0.021294107372964888,
      0.028416829676796596
   ],
   "ps_r": [
      14.24531470032491,
      0.025467157245762095,
      0.019815918435355684
   ],
   "ps_y": [
      13.66208533601201,
      0.022547578235974086,
      0.030545332697011318
   ],
   "ps_z": [
      13.768491674129933,
      0.024342686199567254,
      0.024113307670640793
   ],
   "sdss_g0": [
      14.934044190080732,
      0.021842704460587115,
      0.02158343664439144
   ],
   "sdss_i0": [
      13.930803622037082,
      0.021181118691899314,
      0.028673326520435083
   ],
   "sdss_r0": [
      14.250687927971272,
      0.02485066267163738,
      0.019916512105881523
   ],
   "sdss_u0": [
      16.396809592870085,
      0.04326662401110326,
      0.04872635004766579
   ],
   "sdss_z0": [
      13.743584579896053,
      0.02511708860800077,
      0.0248544542371274
   ],
   "uvot_B": [
      15.228036016665648,
      0.02457705700352264,
      0.02695495825756211
   ],
   "uvot_U": [
      16.5209267295441,
      0.04590270900498439,
      0.05337515258307235
   ],
   "uvot_UVM2": [
      19.068554288080286,
      0.1556917423491022,
      0.22535960115201092
   ],
   "uvot_UVW1": [
      18.053463798771336,
      0.09161595834023117,
      0.11847348205580488
   ],
   "uvot_UVW2": [
      19.309461667737025,
      0.12773192423545865,
      0.2103710396914451
   ],
   "uvot_V": [
      14.533370527127445,
      0.02411456010022306,
      0.0203720191805985
   ],
   "GALEX_FUV.0": [
      21.697193720404286,
      0.9771088903122518,
      0.6417700866702525
   ],
   "GALEX_NUV.0": [
      18.8491328056421,
      0.15530888547829136,
      0.2152345041924164
   ],
   "ps_g.0": [
      14.806721920165092,
      0.022127644236313415,
      0.019911209657481166
   ],
   "ps_i.0": [
      13.921649667450989,
      0.01909231922363297,
      0.0272270169551998
   ],
   "ps_r.0": [
      14.232883028253863,
      0.02591675356742762,
      0.018294136441483033
   ],
   "ps_y.0": [
      13.665265360649023,
      0.0232578825086307,
      0.030366955530990225
   ],
   "ps_z.0": [
      13.770834589082408,
      0.025054638915952054,
      0.02419342219891618
   ],
   "sdss_g0.0": [
      14.902362587219587,
      0.022907010182116494,
      0.01970813448480868
   ],
   "sdss_i0.0": [
      13.92831203560004,
      0.01968005064428624,
      0.027582242635121546
   ],
   "sdss_r0.0": [
      14.238295246281982,
      0.025238555227435455,
      0.019538240204994395
   ],
   "sdss_u0.0": [
      16.332684336793328,
      0.04184324739077283,
      0.05123730411669669
   ],
   "sdss_z0.0": [
      13.745537519420342,
      0.02544878014658636,
      0.025452229480860566
   ],
   "uvot_B.0": [
      15.176514235630588,
      0.025180596836463565,
      0.023982185614059404
   ],
   "uvot_U.0": [
      16.455575893006547,
      0.04077070781136882,
      0.054058589003780355
   ],
   "uvot_UVM2.0": [
      19.01180562820676,
      0.15779350977393136,
      0.21943156693218313
   ],
   "uvot_UVW1.0": [
      17.976184247067373,
      0.08683586811854482,
      0.10697613008417761
   ],
   "uvot_UVW2.0": [
      19.235491563288885,
      0.12603477221005832,
      0.20910230188969692
   ],
   "uvot_V.0": [
      14.513177581750632,
      0.026244180329015876,
      0.020552424195145136
   ],
   "u-r.0": [
      2.10188610692863,
      0.04955131544313929,
      0.045493923397510905
   ],
   "NUV-r.0": [
      4.596805186525678,
      0.13480799366378982,
      0.23029412667699756
   ],
   "A_nu": {
      "GALEX_FUV": 8.089735424592348,
      "GALEX_NUV": 7.742195398415319,
      "sdss_u0": 4.872191736769338,
      "sdss_g0": 3.704628869440185,
      "sdss_r0": 2.7175660260912338,
      "sdss_i0": 2.087191580782033,
      "sdss_z0": 1.520321777959488,
      "bessell_I": 1.6088606027752306,
      "ogle_I": 0.5866810829768809,
      "uvot_V": 3.1469339541365215,
      "uvot_B": 4.070870448042996,
      "uvot_U": 4.949357704432877,
      "uvot_UVW1": 5.942069730467203,
      "uvot_UVM2": 8.458516432441066,
      "uvot_UVW2": 7.349925254279199,
      "ps_g": 3.5769076651126497,
      "ps_r": 2.701404661735829,
      "ps_i": 2.0661548552725506,
      "ps_z": 1.5967545938742944,
      "ps_y": 1.3380871768619684,
      "skymapper_u": 4.935067401433102,
      "skymapper_g": 3.387512146649385,
      "skymapper_r": 2.7293713260236885,
      "skymapper_i": 1.9608698086758025,
      "skymapper_z": 1.463658375053356,
      "om_V": 3.0526797035067332,
      "om_B": 3.9737191979448028,
      "om_U": 4.632917041571893,
      "om_UVW1": 4.4272689009723365,
      "om_UVM2": 1.9975933327140538
   },
   "E(B-V)": 0.09460198092954256
}