{
   "mass": [
      9.263405317346772,
      0.17229593915561914,
      0.10957837270906445
   ],
   "logzsol": [
      -1.6745846829267976,
      0.23147342463348575,
      0.5360157664217429
   ],
   "dust2": [
      0.24475803047763994,
      0.16323372948035939,
      0.41291047770130024
   ],
   "tage": [
      5.264608923170475,
      2.9694315041670514,
      3.059086076896029
   ],
   "tau": [
      0.3848897585059801,
      0.2348922426373419,
      0.367053361380336
   ],
   "GALEX_FUV": [
      26.091984015682904,
      2.3260103783700643,
      0.962861153063443
   ],
   "GALEX_NUV": [
      23.765180852472582,
      0.7887615063895907,
      0.18412659956431554
   ],
   "sdss_g0": [
      20.234223088930584,
      0.031729117076910285,
      0.053534591789230035
   ],
   "sdss_i0": [
      19.301309182152792,
      0.035269213412973954,
      0.043149444268337334
   ],
   "sdss_r0": [
      19.594561157032057,
      0.02923206889905572,
      0.03732587176300939
   ],
   "sdss_u0": [
      21.647700567146195,
      0.063440050465708,
      0.08649013001052808
   ],
   "sdss_z0": [
      19.124545363044295,
      0.0390858498135529,
      0.04224263564134745
   ],
   "uvot_B": [
      20.564960053308972,
      0.04280871204890957,
      0.061658890448960335
   ],
   "uvot_U": [
      21.76104785440235,
      0.07337304210535223,
      0.0864025536154287
   ],
   "uvot_UVM2": [
      23.86418706433446,
      0.8549913850153423,
      0.1884916982720668
   ],
   "uvot_UVW1": [
      23.072295339827086,
      0.40792018357523574,
      0.1559148183469361
   ],
   "uvot_UVW2": [
      24.23085786973338,
      1.0691779699265673,
      0.2013382908666408
   ],
   "uvot_V": [
      19.837991557790062,
      0.03259859331971526,
      0.038482714379966865
   ],
   "GALEX_FUV.0": [
      25.942069596086533,
      2.2437459984552603,
      0.6065966787152313
   ],
   "GALEX_NUV.0": [
      23.447359230096275,
      0.5498257878405184,
      0.17939158239909858
   ],
   "sdss_g0.0": [
      20.088532096431422,
      0.03530501349625581,
      0.04103333725457503
   ],
   "sdss_i0.0": [
      19.294587357141673,
      0.03585217937446217,
      0.044129329905153725
   ],
   "sdss_r0.0": [
      19.550141915797546,
      0.028215434831853514,
      0.03737048107028329
   ],
   "sdss_u0.0": [
      21.36227287474829,
      0.05637131190871614,
      0.06741938775311596
   ],
   "sdss_z0.0": [
      19.15238084116462,
      0.04264515534806179,
      0.04497717214211505
   ],
   "uvot_B.0": [
      20.302897480448216,
      0.03413515704740888,
      0.05358634051628641
   ],
   "uvot_U.0": [
      21.473199327766757,
      0.05088988491714019,
      0.0775460970729469
   ],
   "uvot_UVM2.0": [
      23.596782068532843,
      0.6411845668116491,
      0.17175329501617753
   ],
   "uvot_UVW1.0": [
      22.777030568603713,
      0.2821370279771145,
      0.11769326093102705
   ],
   "uvot_UVW2.0": [
      23.886154305535875,
      0.8120705917657496,
      0.16390938037449843
   ],
   "uvot_V.0": [
      19.77782090897132,
      0.03181616593276004,
      0.03430295516819015
   ],
   "u-r.0": [
      1.8112080676927924,
      0.05177179998143844,
      0.06276223025411265
   ],
   "NUV-r.0": [
      3.913102819190014,
      0.5969497421594183,
      0.16572802954438437
   ],
   "A_nu": {
      "GALEX_FUV": 8.092673559442431,
      "GALEX_NUV": 7.846395066657674,
      "sdss_u0": 4.878767581981336,
      "sdss_g0": 3.7002945523251896,
      "sdss_r0": 2.7187146148035524,
      "sdss_i0": 2.0874566192183863,
      "sdss_z0": 1.5234841375081132,
      "bessell_I": 1.6154405067519306,
      "ogle_I": 0.6201375341195359,
      "uvot_V": 3.15272210025217,
      "uvot_B": 4.071631974874457,
      "uvot_U": 4.957049420719883,
      "uvot_UVW1": 6.238260311761401,
      "uvot_UVM2": 8.463461280470952,
      "uvot_UVW2": 7.717807358191386,
      "ps_g": 3.575442727686884,
      "ps_r": 2.7040484782222762,
      "ps_i": 2.066526939267277,
      "ps_z": 1.5992446779801384,
      "ps_y": 1.3384778501489336,
      "skymapper_u": 4.93795106182553,
      "skymapper_g": 3.3966682121713276,
      "skymapper_r": 2.734934519143195,
      "skymapper_i": 1.9615248082471837,
      "skymapper_z": 1.4666008811300202,
      "om_V": 3.076396696016026,
      "om_B": 3.9956332896931457,
      "om_U": 4.71400639477082,
      "om_UVW1": 4.8079050094512965,
      "om_UVM2": 3.3021861050892554
   },
   "E(B-V)": 0.03719106905349909
}