{
   "mass": [
      9.747549674296621,
      0.2604091448072072,
      0.11788350512208723
   ],
   "logzsol": [
      -1.0753194967051947,
      0.5442884458372337,
      0.7309885828824851
   ],
   "dust2": [
      0.27838213902601616,
      0.15121567220415844,
      0.14340883679476824
   ],
   "tage": [
      3.9471270385800867,
      2.4292679135783413,
      1.732520140841995
   ],
   "tau": [
      0.18441077673583045,
      0.06655410025620964,
      0.19855930052411763
   ],
   "GALEX_FUV": [
      24.449312566627555,
      0.4902351306177337,
      0.7502770386166162
   ],
   "GALEX_NUV": [
      21.250479202951425,
      0.07434205254621062,
      0.0610422815021856
   ],
   "sdss_g0": [
      17.555822745431016,
      0.04389953606752073,
      0.043000672069418044
   ],
   "sdss_i0": [
      16.667592940441594,
      0.03332162277105155,
      0.032150154650494756
   ],
   "sdss_r0": [
      16.945159005920644,
      0.030158583435415665,
      0.02626733768738987
   ],
   "sdss_u0": [
      19.02574067447333,
      0.04347904795473312,
      0.04323018800632639
   ],
   "sdss_z0": [
      16.517019502000576,
      0.05425574288307544,
      0.02974596132712648
   ],
   "uvot_B": [
      17.86210020668623,
      0.04842342606878347,
      0.030244221711242858
   ],
   "uvot_U": [
      19.141820219680085,
      0.04958253497040488,
      0.04115527240105976
   ],
   "uvot_UVM2": [
      21.341128598144714,
      0.07771015317268137,
      0.066551936885336
   ],
   "uvot_UVW1": [
      20.530428145382874,
      0.03673997672461127,
      0.06215585786132749
   ],
   "uvot_UVW2": [
      21.669975276306197,
      0.09477889725155464,
      0.06290109135638744
   ],
   "uvot_V": [
      17.18738450808567,
      0.025518858912843,
      0.033481768083252206
   ],
   "GALEX_FUV.0": [
      24.03740422302585,
      0.33670055441753277,
      0.5929417020764411
   ],
   "GALEX_NUV.0": [
      21.06764385939813,
      0.06133558326410338,
      0.06923648251634518
   ],
   "sdss_g0.0": [
      17.472730334188324,
      0.039308599964485325,
      0.04009755863996389
   ],
   "sdss_i0.0": [
      16.672760573693406,
      0.04155986962204494,
      0.03025663104786247
   ],
   "sdss_r0.0": [
      16.92435987246935,
      0.027641438512315375,
      0.02456409727028941
   ],
   "sdss_u0.0": [
      18.840830676602927,
      0.04263961045969822,
      0.038590219052487384
   ],
   "sdss_z0.0": [
      16.529858619221443,
      0.05219950926378303,
      0.030676233903136563
   ],
   "uvot_B.0": [
      17.7095492583271,
      0.04853323016858724,
      0.042890746183449124
   ],
   "uvot_U.0": [
      18.957449310373104,
      0.03957038390252521,
      0.040106129834136084
   ],
   "uvot_UVM2.0": [
      21.20602009452149,
      0.07466176231537247,
      0.05734798109534722
   ],
   "uvot_UVW1.0": [
      20.34198125230783,
      0.04084390184411646,
      0.04999162419299452
   ],
   "uvot_UVW2.0": [
      21.46084063396617,
      0.07451990029926492,
      0.056319238980716335
   ],
   "uvot_V.0": [
      17.14859447466168,
      0.02760916798410662,
      0.03275301987808987
   ],
   "u-r.0": [
      1.911166103490178,
      0.0343447792498035,
      0.0459679707417644
   ],
   "NUV-r.0": [
      4.145315842229161,
      0.05244062512098768,
      0.08009210758290752
   ],
   "A_nu": {
      "GALEX_FUV": 8.161825603856254,
      "GALEX_NUV": 7.877220309540256,
      "sdss_u0": 4.876850197623384,
      "sdss_g0": 3.7027829953666824,
      "sdss_r0": 2.718524011618939,
      "sdss_i0": 2.0877961613868123,
      "sdss_z0": 1.5219601841069519,
      "bessell_I": 1.6127992088172505,
      "ogle_I": 0.6056068752844368,
      "uvot_V": 3.150648876462192,
      "uvot_B": 4.071918686978471,
      "uvot_U": 4.957497170371106,
      "uvot_UVW1": 6.148320357713644,
      "uvot_UVM2": 8.510907345842611,
      "uvot_UVW2": 7.670180233971102,
      "ps_g": 3.5785635423112083,
      "ps_r": 2.7040390535781,
      "ps_i": 2.0668108908420635,
      "ps_z": 1.5986251650474514,
      "ps_y": 1.3388611645046566,
      "skymapper_u": 4.937062232278322,
      "skymapper_g": 3.396633186223319,
      "skymapper_r": 2.733259377195374,
      "skymapper_i": 1.9620016929877693,
      "skymapper_z": 1.465019380918875,
      "om_V": 3.067912737213163,
      "om_B": 3.9900596378911857,
      "om_U": 4.681836797187167,
      "om_UVW1": 4.650047696327775,
      "om_UVM2": 2.82180276209143
   },
   "E(B-V)": 0.029437084729866305
}