{
   "mass": [
      9.465597355172578,
      0.09297462850664218,
      0.11687245623493325
   ],
   "logzsol": [
      -1.2409221628537745,
      0.5511517751763371,
      0.4009513746231518
   ],
   "dust2": [
      0.20080928654445312,
      0.13166266859032902,
      0.192747721658522
   ],
   "tage": [
      6.550561794379354,
      2.192740385257185,
      3.9217129028588067
   ],
   "tau": [
      0.30558394016629387,
      0.1681071113076398,
      0.35150739371068274
   ],
   "GALEX_FUV": [
      26.727035296307907,
      0.8927787424839515,
      1.1266863781500298
   ],
   "GALEX_NUV": [
      24.26213862534086,
      0.25282616172482975,
      0.2946261803332426
   ],
   "ps_g": [
      20.224234792956317,
      0.04255558679714966,
      0.04462873138560042
   ],
   "ps_i": [
      19.25230941642269,
      0.02053665277869854,
      0.0270868496589749
   ],
   "ps_r": [
      19.579477227556062,
      0.019827718894728008,
      0.03608477263592036
   ],
   "ps_y": [
      19.003400933791255,
      0.03686582876077793,
      0.037150723697859434
   ],
   "ps_z": [
      19.081336059471333,
      0.027629748637870932,
      0.035115746803448644
   ],
   "sdss_g0": [
      20.34158679114018,
      0.045079989375942375,
      0.051830136924781556
   ],
   "sdss_i0": [
      19.259749296509476,
      0.0198539222919365,
      0.027124888736167918
   ],
   "sdss_r0": [
      19.583643935154704,
      0.01873347332549713,
      0.0380256186086072
   ],
   "sdss_u0": [
      21.832211709282547,
      0.07198306032916335,
      0.10425774141577904
   ],
   "sdss_z0": [
      19.058003607617724,
      0.030118981766612762,
      0.036720782011265385
   ],
   "uvot_B": [
      20.738940487211472,
      0.07120381733707859,
      0.06042676334694974
   ],
   "uvot_U": [
      21.962129981850047,
      0.07751818544134892,
      0.11025801678157165
   ],
   "uvot_UVM2": [
      24.36641560745673,
      0.2603771682370706,
      0.29668811006165896
   ],
   "uvot_UVW1": [
      23.486463757062573,
      0.20523714977710483,
      0.1803709795984325
   ],
   "uvot_UVW2": [
      24.748127906521486,
      0.2720833244849352,
      0.25633704973004257
   ],
   "uvot_V": [
      19.86171134891679,
      0.029695355086293063,
      0.043990246716944625
   ],
   "GALEX_FUV.0": [
      26.598717908487227,
      0.721765426474672,
      0.7947639741318895
   ],
   "GALEX_NUV.0": [
      23.886541962232123,
      0.23335164048470247,
      0.2482091722203137
   ],
   "ps_g.0": [
      20.04530559516013,
      0.031658559794131236,
      0.04188563422965785
   ],
   "ps_i.0": [
      19.23893306215963,
      0.026159858058598218,
      0.029323329605531967
   ],
   "ps_r.0": [
      19.514505092767045,
      0.021863302265298756,
      0.029063338085546064
   ],
   "ps_y.0": [
      19.013847712774613,
      0.04246598596315465,
      0.04470062283814258
   ],
   "ps_z.0": [
      19.10538888907103,
      0.03641401585158022,
      0.03524046085404109
   ],
   "sdss_g0.0": [
      20.134083654620603,
      0.0353787663066214,
      0.04195989168835723
   ],
   "sdss_i0.0": [
      19.24390451435617,
      0.025880857039314975,
      0.02952376871927953
   ],
   "sdss_r0.0": [
      19.519792224934392,
      0.021524506910061803,
      0.029820733465900418
   ],
   "sdss_u0.0": [
      21.49315168505968,
      0.0728272756116084,
      0.09496926020285557
   ],
   "sdss_z0.0": [
      19.082515155203133,
      0.0374204788715673,
      0.03874022461832283
   ],
   "uvot_B.0": [
      20.392422944298705,
      0.048518200048643934,
      0.05292455558453213
   ],
   "uvot_U.0": [
      21.615151188926497,
      0.07336711270669838,
      0.09841566221314224
   ],
   "uvot_UVM2.0": [
      24.030422550845156,
      0.22296213077905946,
      0.2630988007312389
   ],
   "uvot_UVW1.0": [
      23.07857313369928,
      0.16038471333882498,
      0.15197273095277097
   ],
   "uvot_UVW2.0": [
      24.30107785630789,
      0.23056914185741917,
      0.23066538124576397
   ],
   "uvot_V.0": [
      19.769096209161415,
      0.02074091709722481,
      0.0383621156144045
   ],
   "u-r.0": [
      1.9783781629833008,
      0.07039228745108028,
      0.09069821169692416
   ],
   "NUV-r.0": [
      4.368924127636923,
      0.23611273208104322,
      0.262645999951312
   ],
   "A_nu": {
      "GALEX_FUV": 8.234369115217177,
      "GALEX_NUV": 7.778323013679067,
      "sdss_u0": 4.874912808042886,
      "sdss_g0": 3.6761798930688983,
      "sdss_r0": 2.714433666366034,
      "sdss_i0": 2.0860512147203636,
      "sdss_z0": 1.521815368191426,
      "bessell_I": 1.6093453885167364,
      "ogle_I": 0.6854104061341459,
      "uvot_V": 3.150996060664113,
      "uvot_B": 4.0658624450593095,
      "uvot_U": 4.945643401640432,
      "uvot_UVW1": 6.065693560079133,
      "uvot_UVM2": 8.392249347032887,
      "uvot_UVW2": 7.4224942352668855,
      "ps_g": 3.5509748957322174,
      "ps_r": 2.698742904404483,
      "ps_i": 2.0652672669926986,
      "ps_z": 1.598905812340412,
      "ps_y": 1.3378547296357013,
      "skymapper_u": 4.935399327053069,
      "skymapper_g": 3.369163519309737,
      "skymapper_r": 2.727507448117983,
      "skymapper_i": 1.9593855242485247,
      "skymapper_z": 1.4648276361537427,
      "om_V": 3.0867470137035724,
      "om_B": 3.9909441613398045,
      "om_U": 4.701668009125726,
      "om_UVW1": 4.652507491921121,
      "om_UVM2": 2.7248482462407964
   },
   "E(B-V)": 0.04082316876842748
}