{
   "mass": [
      10.358621392797165,
      0.11837701238119891,
      0.17026330921438415
   ],
   "logzsol": [
      -0.7591467608168676,
      0.7422081883535692,
      0.5111374182877443
   ],
   "dust2": [
      0.4263355155783921,
      0.3121453790956647,
      0.29812200330288774
   ],
   "tage": [
      4.9947341642185386,
      1.847077254940248,
      4.868804693252816
   ],
   "tau": [
      0.5228980864081011,
      0.3220751271417509,
      0.3048796979896701
   ],
   "GALEX_FUV": [
      22.16248722097184,
      0.8663388942766943,
      1.4058957632999771
   ],
   "GALEX_NUV": [
      20.771889427165306,
      0.20803908014146089,
      0.289146994687119
   ],
   "ps_g": [
      16.73327915446599,
      0.034842185242670354,
      0.048004435549092506
   ],
   "ps_i": [
      15.709779823389969,
      0.022221145685383803,
      0.03126163951734995
   ],
   "ps_r": [
      16.06931374619443,
      0.022840077710824858,
      0.03258871788658624
   ],
   "ps_y": [
      15.374911702221775,
      0.03581701205027876,
      0.037959686510436796
   ],
   "ps_z": [
      15.513873503257322,
      0.02417308883492808,
      0.024390784699317436
   ],
   "sdss_g0": [
      16.839138968854016,
      0.036132314627288054,
      0.051976533903442146
   ],
   "sdss_i0": [
      15.719531129590408,
      0.021853961325465576,
      0.03293484954446946
   ],
   "sdss_r0": [
      16.073087846416364,
      0.022143551365505942,
      0.03327919889877862
   ],
   "sdss_u0": [
      18.407492643476367,
      0.07755843686373609,
      0.08453816661721092
   ],
   "sdss_z0": [
      15.473620726746915,
      0.02312117031716099,
      0.02863297238774365
   ],
   "uvot_B": [
      17.20603824797926,
      0.04864169227827375,
      0.06311594367729256
   ],
   "uvot_U": [
      18.533177544405603,
      0.08656884752148741,
      0.08753907598398669
   ],
   "uvot_UVM2": [
      20.87250436262879,
      0.2553995644581626,
      0.3042969475961499
   ],
   "uvot_UVW1": [
      20.035661262356683,
      0.11834824795123922,
      0.13113919054621448
   ],
   "uvot_UVW2": [
      21.087243223455836,
      0.3230239394461094,
      0.3247238797376504
   ],
   "uvot_V": [
      16.391559918767562,
      0.03241875811514561,
      0.04051490366689592
   ],
   "GALEX_FUV.0": [
      22.161616970042743,
      0.8446111921864841,
      1.3054968139313559
   ],
   "GALEX_NUV.0": [
      20.591024827234055,
      0.16658423346080298,
      0.20701055827686687
   ],
   "ps_g.0": [
      16.62281456523479,
      0.03175212984588072,
      0.04176646155173813
   ],
   "ps_i.0": [
      15.692692937280002,
      0.024702438952482808,
      0.02687472033381333
   ],
   "ps_r.0": [
      16.022507745570614,
      0.020595489397962297,
      0.033648713991198065
   ],
   "ps_y.0": [
      15.375001568051594,
      0.03546180264241272,
      0.04410178291999145
   ],
   "ps_z.0": [
      15.501110811575156,
      0.028133680772748804,
      0.03399346043453377
   ],
   "sdss_g0.0": [
      16.71916979078942,
      0.03180965362609811,
      0.04676675496951077
   ],
   "sdss_i0.0": [
      15.70144290359945,
      0.02504991281740132,
      0.026298627580604972
   ],
   "sdss_r0.0": [
      16.02859449436683,
      0.02094196043772456,
      0.03156236492290887
   ],
   "sdss_u0.0": [
      18.195632151704405,
      0.06011733873889824,
      0.09730637521855101
   ],
   "sdss_z0.0": [
      15.470887139132758,
      0.0321280819730525,
      0.03327427841086106
   ],
   "uvot_B.0": [
      16.998076219427006,
      0.033160548358246444,
      0.06024482963423594
   ],
   "uvot_U.0": [
      18.31815003112156,
      0.060401180353501616,
      0.10229856253442549
   ],
   "uvot_UVM2.0": [
      20.709131070472676,
      0.18037535553455442,
      0.2535775591383249
   ],
   "uvot_UVW1.0": [
      19.806857861460763,
      0.10457898119943465,
      0.11585235940059846
   ],
   "uvot_UVW2.0": [
      20.89710518007565,
      0.2544770001889276,
      0.276603639378429
   ],
   "uvot_V.0": [
      16.318253526967183,
      0.02542316847828019,
      0.037398223625778826
   ],
   "u-r.0": [
      2.1812848538494762,
      0.07953464835390989,
      0.05440206755104304
   ],
   "NUV-r.0": [
      4.559112858295517,
      0.16530939486536145,
      0.21812869719810557
   ],
   "A_nu": {
      "GALEX_FUV": 8.2309152575057,
      "GALEX_NUV": 7.849272194459012,
      "sdss_u0": 4.873742100826917,
      "sdss_g0": 3.680527130482325,
      "sdss_r0": 2.71435023182125,
      "sdss_i0": 2.084469809290468,
      "sdss_z0": 1.5193858728421716,
      "bessell_I": 1.6037431537668567,
      "ogle_I": 0.5284651360728532,
      "uvot_V": 3.147553946999615,
      "uvot_B": 4.058353482130528,
      "uvot_U": 4.950711982948697,
      "uvot_UVW1": 5.954740472925124,
      "uvot_UVM2": 8.484430635813744,
      "uvot_UVW2": 7.406577620811561,
      "ps_g": 3.558336216105218,
      "ps_r": 2.6978978005097076,
      "ps_i": 2.063402868136066,
      "ps_z": 1.5973925484059848,
      "ps_y": 1.338292992955381,
      "skymapper_u": 4.9347835927182615,
      "skymapper_g": 3.372470403501815,
      "skymapper_r": 2.7241787857018807,
      "skymapper_i": 1.9582702733185187,
      "skymapper_z": 1.4627599182071904,
      "om_V": 3.0070835528178463,
      "om_B": 3.886337498029313,
      "om_U": 4.435590762375696,
      "om_UVW1": 3.764934119232599,
      "om_UVM2": 1.41885053481694
   },
   "E(B-V)": 0.08796658236388118
}