{
   "mass": [
      10.033648050261899,
      0.17516016101568965,
      0.09109406279656795
   ],
   "logzsol": [
      -0.1852063818827612,
      0.25261303482710473,
      0.14674333499390474
   ],
   "dust2": [
      0.08781865210845968,
      0.06515311433069527,
      0.15995571771237285
   ],
   "tage": [
      6.562977423010814,
      3.0701233482376833,
      2.348451213756281
   ],
   "tau": [
      0.21773163445310983,
      0.08713530369130337,
      0.2505010009119123
   ],
   "GALEX_FUV": [
      25.99432907618081,
      1.054843057283648,
      1.0076417416349592
   ],
   "GALEX_NUV": [
      24.116751908662053,
      0.2962535749718356,
      0.3228905764523944
   ],
   "sdss_g0": [
      18.92717560309196,
      0.04436822233041582,
      0.030323853005185697
   ],
   "sdss_i0": [
      17.669532104595028,
      0.030095061508589538,
      0.028468949545793265
   ],
   "sdss_r0": [
      18.04782476076352,
      0.02733529831390058,
      0.02089561359916914
   ],
   "sdss_u0": [
      20.5925405931115,
      0.07322132918814361,
      0.06170587572155384
   ],
   "sdss_z0": [
      17.35974557183762,
      0.03096561083657079,
      0.033319145004032436
   ],
   "uvot_B": [
      19.39627480118056,
      0.05309533983230352,
      0.04153550923327387
   ],
   "uvot_U": [
      20.74861767152969,
      0.08661394265659084,
      0.06395127772753284
   ],
   "uvot_UVM2": [
      24.253846907605546,
      0.3135518403367783,
      0.3645180711280709
   ],
   "uvot_UVW1": [
      22.730580863214087,
      0.14062550312783983,
      0.13324592159591475
   ],
   "uvot_UVW2": [
      24.26542803064318,
      0.25579352547622847,
      0.23566306685166083
   ],
   "uvot_V": [
      18.39945262116474,
      0.033877013678264234,
      0.0239224205857127
   ],
   "GALEX_FUV.0": [
      26.105817459059423,
      1.0716703546241462,
      0.9875132101465667
   ],
   "GALEX_NUV.0": [
      23.58848904182588,
      0.21968607010845176,
      0.24646647680936695
   ],
   "sdss_g0.0": [
      18.730163580234453,
      0.0410444416531206,
      0.023560716785762992
   ],
   "sdss_i0.0": [
      17.62245603756339,
      0.027656668051150746,
      0.03149143495735274
   ],
   "sdss_r0.0": [
      17.972925811501355,
      0.027962367776954267,
      0.02313413943852538
   ],
   "sdss_u0.0": [
      20.32876120419398,
      0.07362554516402042,
      0.058989207927517384
   ],
   "sdss_z0.0": [
      17.33261795794465,
      0.03548935494201899,
      0.043656573104609464
   ],
   "uvot_B.0": [
      19.047037507996954,
      0.04698995704589848,
      0.030332855457047003
   ],
   "uvot_U.0": [
      20.451160674045695,
      0.07600336637006677,
      0.06161693737544027
   ],
   "uvot_UVM2.0": [
      23.86750085159344,
      0.27118148576754564,
      0.28656469246733707
   ],
   "uvot_UVW1.0": [
      22.2625380432773,
      0.11561634828986556,
      0.09131537742427653
   ],
   "uvot_UVW2.0": [
      23.826302124558687,
      0.18981306919223684,
      0.20317952382860582
   ],
   "uvot_V.0": [
      18.288073765813785,
      0.027592506063221833,
      0.021377733386998443
   ],
   "u-r.0": [
      2.358655104957771,
      0.08355471804197911,
      0.052174180861567
   ],
   "NUV-r.0": [
      5.633930255677729,
      0.252639432459973,
      0.22714620708498234
   ],
   "A_nu": {
      "GALEX_FUV": 8.266652231635963,
      "GALEX_NUV": 7.52008419282193,
      "sdss_u0": 4.87035847499353,
      "sdss_g0": 3.6530923257330983,
      "sdss_r0": 2.712101930258015,
      "sdss_i0": 2.081120965108596,
      "sdss_z0": 1.5153349078227407,
      "bessell_I": 1.5916763446082172,
      "ogle_I": 0.9606089928313466,
      "uvot_V": 3.1492095398665043,
      "uvot_B": 4.042160836665332,
      "uvot_U": 4.938628727477834,
      "uvot_UVW1": 5.461903569443471,
      "uvot_UVM2": 8.11598959174793,
      "uvot_UVW2": 6.174742118058063,
      "ps_g": 3.535025480847409,
      "ps_r": 2.6938575994336134,
      "ps_i": 2.059780541657652,
      "ps_z": 1.5951217954430774,
      "ps_y": 1.3367347931698248,
      "skymapper_u": 4.931335520133828,
      "skymapper_g": 3.3541610809944444,
      "skymapper_r": 2.719534937647339,
      "skymapper_i": 1.9540567355136318,
      "skymapper_z": 1.4593548972623438,
      "om_V": 3.1180528676523878,
      "om_B": 4.007587148936587,
      "om_U": 4.774592628940688,
      "om_UVW1": 4.654817721145932,
      "om_UVM2": 1.8402380692300824
   },
   "E(B-V)": 0.04025975390825349
}