{
   "mass": [
      9.855516123438546,
      0.14391420360652596,
      0.15364199351407493
   ],
   "logzsol": [
      -1.3381077791053224,
      0.4084048450140507,
      0.6921955283894458
   ],
   "dust2": [
      0.3900553229599283,
      0.1336470960503393,
      0.11199820548176931
   ],
   "tage": [
      2.3181797686900376,
      0.9385117527165641,
      1.0704716029847714
   ],
   "tau": [
      0.1656633918415656,
      0.048486417118142,
      0.18066200350434514
   ],
   "GALEX_FUV": [
      20.493549450001368,
      0.2481298529854108,
      0.25255830811653723
   ],
   "GALEX_NUV": [
      18.435744876637475,
      0.04011347230857609,
      0.04311450665167982
   ],
   "sdss_g0": [
      15.249233518036643,
      0.03191393994597114,
      0.03123275411801707
   ],
   "sdss_i0": [
      14.507473366098113,
      0.026443115353465885,
      0.029350546007981038
   ],
   "sdss_r0": [
      14.755154986600237,
      0.02514917752019663,
      0.027300190092663712
   ],
   "sdss_u0": [
      16.656003201939633,
      0.039142256793610386,
      0.03523668195796148
   ],
   "sdss_z0": [
      14.372793514380227,
      0.032152353423084534,
      0.03226842326223078
   ],
   "uvot_B": [
      15.47046425458402,
      0.035194660600947,
      0.024417009824528435
   ],
   "uvot_U": [
      16.770365785089105,
      0.04229079987163331,
      0.03504421657932255
   ],
   "uvot_UVM2": [
      18.510982302169126,
      0.03191097353645844,
      0.055141761514786225
   ],
   "uvot_UVW1": [
      17.91403606790213,
      0.033840249967287406,
      0.03424068114458123
   ],
   "uvot_UVW2": [
      18.7323205662877,
      0.0434293117928064,
      0.0653267847422292
   ],
   "uvot_V": [
      14.958095207220964,
      0.028809104991058376,
      0.030158856385597232
   ],
   "GALEX_FUV.0": [
      20.323092892401966,
      0.20995582042672112,
      0.2130949405540612
   ],
   "GALEX_NUV.0": [
      18.386862104974966,
      0.04442312600159681,
      0.035806244456669134
   ],
   "sdss_g0.0": [
      15.219987510699362,
      0.03154085427383002,
      0.03074655584773822
   ],
   "sdss_i0.0": [
      14.511798047921292,
      0.027914526153892893,
      0.03157469856131456
   ],
   "sdss_r0.0": [
      14.747820945626462,
      0.02474098003764702,
      0.027416566461932135
   ],
   "sdss_u0.0": [
      16.548065793732015,
      0.03557344237674798,
      0.03172015293439756
   ],
   "sdss_z0.0": [
      14.38087666563053,
      0.03424788245932042,
      0.031574939243052214
   ],
   "uvot_B.0": [
      15.41702782901817,
      0.03634516449458758,
      0.02553495294784014
   ],
   "uvot_U.0": [
      16.664623705414456,
      0.036101447957435084,
      0.03311996692124097
   ],
   "uvot_UVM2.0": [
      18.475223383244952,
      0.04119047903611417,
      0.04614343739032378
   ],
   "uvot_UVW1.0": [
      17.844149718111474,
      0.032885820768498775,
      0.033114749659272746
   ],
   "uvot_UVW2.0": [
      18.668765260353304,
      0.04193321972991981,
      0.062443948936273586
   ],
   "uvot_V.0": [
      14.945724116752338,
      0.02881349712155412,
      0.02989876655724366
   ],
   "u-r.0": [
      1.802937129626887,
      0.042448515064097414,
      0.02641835884971755
   ],
   "NUV-r.0": [
      3.642120759221865,
      0.06024723918409647,
      0.04679730139897931
   ],
   "A_nu": {
      "GALEX_FUV": 8.017523740825627,
      "GALEX_NUV": 7.947179625080736,
      "sdss_u0": 4.874887539226336,
      "sdss_g0": 3.731463789404188,
      "sdss_r0": 2.720932266856124,
      "sdss_i0": 2.089251512875556,
      "sdss_z0": 1.5221230464126378,
      "bessell_I": 1.6144909252561845,
      "ogle_I": 0.5269999306511508,
      "uvot_V": 3.152318978008495,
      "uvot_B": 4.09234548528552,
      "uvot_U": 4.960367883634831,
      "uvot_UVW1": 6.3326388745631235,
      "uvot_UVM2": 8.567344395075693,
      "uvot_UVW2": 7.914137569077617,
      "ps_g": 3.6024136594006606,
      "ps_r": 2.7064527134548655,
      "ps_i": 2.0682353466899173,
      "ps_z": 1.5981842030507565,
      "ps_y": 1.3387214412089676,
      "skymapper_u": 4.939427590748657,
      "skymapper_g": 3.417161041694605,
      "skymapper_r": 2.737167833370968,
      "skymapper_i": 1.9630031448206964,
      "skymapper_z": 1.4652557984639714,
      "om_V": 3.031902603224168,
      "om_B": 3.986717598530376,
      "om_U": 4.617940183026192,
      "om_UVW1": 4.601524706940907,
      "om_UVM2": 2.995751865132057
   },
   "E(B-V)": 0.03822637598227013
}