{
   "mass": [
      9.666498258410227,
      0.1536942160613357,
      0.09446191360173017
   ],
   "logzsol": [
      -1.1545351535601343,
      0.5113712139522921,
      0.41354220206793035
   ],
   "dust2": [
      0.22474313563490533,
      0.15363820562680547,
      0.20909440286403536
   ],
   "tage": [
      5.594675334304647,
      2.3440200591939067,
      3.0150128410703445
   ],
   "tau": [
      0.25247550356568715,
      0.11650688802518744,
      0.31399772996418873
   ],
   "GALEX_FUV": [
      25.967389401845573,
      1.094997713808528,
      1.0363032162099302
   ],
   "GALEX_NUV": [
      23.090162116753554,
      0.1423837248587283,
      0.16616263582605129
   ],
   "sdss_g0": [
      19.224795128540137,
      0.03895975701775356,
      0.045023459859059756
   ],
   "sdss_i0": [
      18.197297232836945,
      0.02208745252407951,
      0.02511832660157154
   ],
   "sdss_r0": [
      18.510945226704052,
      0.023808145428620975,
      0.029296741298555418
   ],
   "sdss_u0": [
      20.723475188836595,
      0.0636072452568115,
      0.06505827273811349
   ],
   "sdss_z0": [
      18.009058601322046,
      0.03921105382510248,
      0.033219575486370445
   ],
   "uvot_B": [
      19.594507896824474,
      0.04552066359275386,
      0.04834844193246113
   ],
   "uvot_U": [
      20.84260922426047,
      0.06034795747533295,
      0.070790872948848
   ],
   "uvot_UVM2": [
      23.179797604800683,
      0.14692501339357378,
      0.18809650936178457
   ],
   "uvot_UVW1": [
      22.319639866008927,
      0.08874601293352669,
      0.12543029885801005
   ],
   "uvot_UVW2": [
      23.5370202863934,
      0.1639457272897964,
      0.20365272063270012
   ],
   "uvot_V": [
      18.785371095545308,
      0.03316929359894516,
      0.029596888877019722
   ],
   "GALEX_FUV.0": [
      25.63152165615766,
      0.7643152691611661,
      0.8539937628261676
   ],
   "GALEX_NUV.0": [
      22.77928523793763,
      0.12330216508581415,
      0.15742846252111775
   ],
   "sdss_g0.0": [
      19.064370139900817,
      0.03591586269783775,
      0.037742567662384374
   ],
   "sdss_i0.0": [
      18.184542492330756,
      0.025443252682574524,
      0.03262627817613506
   ],
   "sdss_r0.0": [
      18.459178466629538,
      0.019442220707951208,
      0.02720255295009011
   ],
   "sdss_u0.0": [
      20.441108100838978,
      0.053432098743055434,
      0.060075224266860516
   ],
   "sdss_z0.0": [
      18.03021555348333,
      0.046084666042983,
      0.036912004156185674
   ],
   "uvot_B.0": [
      19.318677245857735,
      0.03997005261441444,
      0.046022778833958
   ],
   "uvot_U.0": [
      20.55981168043618,
      0.05385956362804123,
      0.06471032681797695
   ],
   "uvot_UVM2.0": [
      22.92214098289285,
      0.12348690630670589,
      0.16060366139980786
   ],
   "uvot_UVW1.0": [
      22.003236726815334,
      0.0853969173023863,
      0.09437272800665042
   ],
   "uvot_UVW2.0": [
      23.179036037478486,
      0.12938761450846314,
      0.16908955948899163
   ],
   "uvot_V.0": [
      18.711406376238905,
      0.02654580838601106,
      0.02646136327567561
   ],
   "u-r.0": [
      1.9801604845611696,
      0.061893263206099336,
      0.06313116703537736
   ],
   "NUV-r.0": [
      4.326514528617473,
      0.12852695802920522,
      0.16357356987486504
   ],
   "A_nu": {
      "GALEX_FUV": 8.2171074824406,
      "GALEX_NUV": 7.830046032330973,
      "sdss_u0": 4.876145498052331,
      "sdss_g0": 3.686531406086324,
      "sdss_r0": 2.7165402633059443,
      "sdss_i0": 2.0868310365443676,
      "sdss_z0": 1.5223212322654334,
      "bessell_I": 1.6121256042429977,
      "ogle_I": 0.6561028489453946,
      "uvot_V": 3.1513652281823568,
      "uvot_B": 4.066433895156152,
      "uvot_U": 4.952705379624689,
      "uvot_UVW1": 6.093354581671662,
      "uvot_UVM2": 8.444387115570784,
      "uvot_UVW2": 7.518639082418765,
      "ps_g": 3.562303029774583,
      "ps_r": 2.700862964384143,
      "ps_i": 2.065833977168907,
      "ps_z": 1.5991591681466133,
      "ps_y": 1.338312948241338,
      "skymapper_u": 4.936080756483463,
      "skymapper_g": 3.3817488923002514,
      "skymapper_r": 2.730289160223087,
      "skymapper_i": 1.9609567855603416,
      "skymapper_z": 1.4652521232674687,
      "om_V": 3.0825102972329432,
      "om_B": 3.9925519762920914,
      "om_U": 4.706978343141799,
      "om_UVW1": 4.677123155985896,
      "om_UVM2": 2.820275314518561
   },
   "E(B-V)": 0.014988679505563363
}