,id,xcenter,ycenter,aperture_sum,FILTER,aperture_sum_e,aperture_sum_photons,bckgd_adu,bckgd_err_adu,bckgd_e,bckgd_err_e,bckgd_photons,bckgd_err_photons,signal_e,signal_photons,dark_noise_adu,dark_noise_e,read_noise_adu,read_noise_e,noise,SNR,zero_point,mag,mag_err
0,1,692.6842095364799,704.134709143932,351531.3869171436,Harris-B,1089747.2994431453,1814854.1109202034,348945.1983200859,590.715835508145,1081730.1147922662,1831.2190900752496,1801502.3728346038,3049.693718274739,8017.18465087912,13351.738085599616,0.2907345092461726,0.5118909259661669,3.2604204303557744,10.107303334102902,1088.125335110415,7.3678871286142735,310048935271.1916,18.414731099682832,2.499323181562657
1,1,686.6370516304144,708.0148520908564,524268.83356410253,Harris-V,1625233.3840487178,2706647.2105531055,522267.83093680325,722.6810021972373,1619030.2759040901,2240.3111068114354,2696316.6171003734,3730.991417931978,6203.108144627651,10330.593452732079,0.2907345092461726,0.5118909259661669,3.2604204303557744,10.107303334102902,1311.2981466907995,4.730509350815339,458986363418.47314,19.119186279924875,4.041676035716955
2,1,688.6918823549631,705.2323262336291,554351.810487855,Harris-R,1718490.6125123505,2861956.8539325693,549786.746363945,741.4760591981004,1704338.9137282295,2298.575783514111,2838388.758165789,3828.024820161395,14151.69878412108,23568.095766780432,0.2907345092461726,0.5118909259661669,3.2604204303557744,10.107303334102902,1346.3877814279058,10.51086394226822,440233561036.4424,18.1783966338369,1.7294864374311536
3,1,691.0374822029409,709.6867152106142,94429.37389579255,Bessell-U,292731.05907695694,487511.33976777294,93693.18154928031,306.0934196438733,290448.862802769,948.8896008960072,483710.5932164824,1580.271126962674,2282.1962741879397,3800.746551290562,0.2907345092461726,0.5118909259661669,3.2604204303557744,10.107303334102902,622.0936461200715,3.6685735152926613,47226212411.12017,17.73578551505069,4.834518223805004
