,id,xcenter,ycenter,aperture_sum,FILTER,aperture_sum_e,aperture_sum_photons,bckgd_adu,bckgd_err_adu,bckgd_e,bckgd_err_e,bckgd_photons,bckgd_err_photons,signal_e,signal_photons,dark_noise_adu,dark_noise_e,read_noise_adu,read_noise_e,noise,SNR,zero_point,mag,mag_err
0,1,686.6747350069558,707.9193545467556,525131.3793059962,Harris-V,1627907.2758485884,2711100.2828641185,521430.41152997816,722.1013859078088,1616434.2757429322,2238.514296314207,2691993.264735257,3727.9990279355948,11473.000105656218,19107.018128861673,0.2907345092461726,0.5118909259661669,3.325774822610456,10.309901950092415,1312.8261329677666,8.739161887126992,470949603308.8615,18.479453799377353,2.1145567547613413
1,1,689.1902316237959,705.135713586497,554880.1835089051,Harris-R,1720128.568877606,2864684.689867112,549048.015091005,740.9777426421155,1702048.8467821155,2297.031002190558,2834574.90387722,3825.452156997232,18079.722095490433,30109.785989891738,0.2907345092461726,0.5118909259661669,3.325774822610456,10.309901950092415,1347.4916505982949,13.417316602639373,444818328962.0321,17.923687513894862,1.3358623072492055
2,1,691.2074200169961,709.6860327014286,95118.46286892914,Bessell-U,294867.2348936804,491068.9053287153,94325.43915072117,307.12446849888266,292408.86136723566,952.0858523465363,486974.7549665851,1585.5941317432241,2458.373526444717,4094.1503621301963,0.2907345092461726,0.5118909259661669,3.325774822610456,10.309901950092415,624.877919635661,3.9341660974004125,50015137778.11583,17.71734420237265,4.503456072706213
3,1,692.4297288520879,704.3353420770002,352222.45221998484,Harris-B,1091889.601881953,1818421.8796954884,348674.9851597727,590.4870745069469,1080892.4539952953,1830.5099309715354,1800107.341030702,3048.5126918887777,10997.147886657622,18314.538664786378,0.2907345092461726,0.5118909259661669,3.325774822610456,10.309901950092415,1089.722341441371,10.091697186011384,331290580590.64215,18.14353276135609,1.7978673385588457
