,id,xcenter,ycenter,aperture_sum,FILTER,aperture_sum_e,aperture_sum_photons,bckgd_adu,bckgd_err_adu,bckgd_e,bckgd_err_e,bckgd_photons,bckgd_err_photons,signal_e,signal_photons,dark_noise_adu,dark_noise_e,read_noise_adu,read_noise_e,noise,SNR,zero_point,mag,mag_err
0,1,686.6747350069558,707.9193545467556,524919.9014615873,Harris-V,1627251.6945309206,2710008.4843801763,521415.726500154,722.0912175758365,1616388.7521504774,2238.482774485093,2691917.450205638,3727.9465318007747,10862.942380443215,18091.034174538217,22.669083654125522,70.27415932778912,3.0281196817084886,9.387171013296316,1952.0669786065366,5.5648410118579115,470949603308.8615,18.538777603476706,3.331411906283237
1,1,691.2074200169961,709.6860327014286,95106.6460402802,Bessell-U,294830.60272486863,491007.8984859418,94335.40907999137,307.14069915918236,292439.7681479732,952.1361673934654,487026.2268060707,1585.677925912576,2390.8345768954023,3981.6716798710986,22.669083654125522,70.27415932778912,3.0281196817084886,9.387171013296316,1574.212310064942,1.5187497655870648,50015137778.11583,17.74759005833087,11.6856578091195
2,1,692.4297288520879,704.3353420770002,352200.82818560355,Harris-B,1091822.567375371,1818310.241107436,348722.306625767,590.527143005101,1081039.1505398778,1830.6341433158132,1800351.6479696864,3048.7195538683895,10783.416835493175,17958.59313774947,22.669083654125522,70.27415932778912,3.0281196817084886,9.387171013296316,1809.7337820272085,5.958565255611199,331290580590.64215,18.164841941554236,3.048526140491382
3,1,689.1902316237959,705.135713586497,554664.7078300073,Harris-R,1719460.5942730226,2863572.2517287126,548936.7773363905,740.90267737159,1701704.0097428104,2296.798299851929,2834000.61576593,3825.0646168802737,17756.584530212218,29571.635962782428,22.669083654125522,70.27415932778912,3.0281196817084886,9.387171013296316,1975.5440740991214,8.988199637261697,444818328962.0321,17.943268307558647,1.9963139484766763
